Key,SourceString
NAME_ID_ITEM_EQUIP_ONEHANDEDSWORD_DOUNOTSURUGI,"Copper Sword"
NAME_ID_ITEM_EQUIP_ONEHANDEDSWORD_ETENENOKEN,"Ethene Sword"
NAME_ID_ITEM_EQUIP_ONEHANDEDSWORD_SHOSHINSHAYOUNOKATATEKEN,"Beginners Sword"
NAME_ID_ITEM_EQUIP_ONEHANDEDSWORD_REIPIA,"Rapier"
NAME_ID_ITEM_EQUIP_ONEHANDEDSWORD_SEIDOUNOTSURUGI,"Bronze Sword"
NAME_ID_ITEM_EQUIP_ONEHANDEDSWORD_TETSUNOTSURUGI,"Iron Broadsword"
NAME_ID_ITEM_EQUIP_ONEHANDEDSWORD_SANZOKUNOSABERU,"Bandit Blade"
NAME_ID_ITEM_EQUIP_ONEHANDEDSWORD_BASUTADOSODO,"Bastard Sword"
NAME_ID_ITEM_EQUIP_ONEHANDEDSWORD_GINNOREIPIA,"Silver Rapier"
NAME_ID_ITEM_EQUIP_ONEHANDEDSWORD_HAGANENOTSURUGI,"Steel Broadsword"
NAME_ID_ITEM_EQUIP_ONEHANDEDSWORD_ULESUTANREIPIA,"Western Rapier"
NAME_ID_ITEM_EQUIP_ONEHANDEDSWORD_HAJYANOTSURUGI,"Cautery Sword"
NAME_ID_ITEM_EQUIP_ONEHANDEDSWORD_SENSHINOKEN,"Warrior's Sword"
NAME_ID_ITEM_EQUIP_ONEHANDEDSWORD_HAYABUSANOKEN,"Falcon Blade"
NAME_ID_ITEM_EQUIP_ONEHANDEDSWORD_MAKENSHINOREIPIA,"Fizzle Foil"
NAME_ID_ITEM_EQUIP_ONEHANDEDSWORD_DORAGONKIRA,"Dragonsbane"
NAME_ID_ITEM_EQUIP_ONEHANDEDSWORD_PURACHINASODO,"Platinum Sword"
NAME_ID_ITEM_EQUIP_ONEHANDEDSWORD_ZONBIKIRA,"Zombiesbane"
NAME_ID_ITEM_EQUIP_ONEHANDEDSWORD_HONOONOTSURUGI,"Fire Blade"
NAME_ID_ITEM_EQUIP_ONEHANDEDSWORD_KISEKINOTSURUGI,"Miracle Sword"
NAME_ID_ITEM_EQUIP_ONEHANDEDSWORD_METASURANOKEN,"Metal Slime Sword"
NAME_ID_ITEM_EQUIP_ONEHANDEDSWORD_ONIKISUNOMAKEN,"Onyx Magic Sword"
NAME_ID_ITEM_EQUIP_ONEHANDEDSWORD_HOSHIKUZUNOTSURUGI,"Stardust Sword"
NAME_ID_ITEM_EQUIP_ONEHANDEDSWORD_SEIOUNOTSURUGI,"Dryspell Sword"
NAME_ID_ITEM_EQUIP_ONEHANDEDSWORD_RAITONINGUSODO,"Thunderstorm Sword"
NAME_ID_ITEM_EQUIP_ONEHANDEDSWORD_MEITOUZANTETSUMARU,"Thousand-Fold Katana"
NAME_ID_ITEM_EQUIP_ONEHANDEDSWORD_TENMEINOTSURUGI,"Sword of Judgment"
NAME_ID_ITEM_EQUIP_ONEHANDEDSWORD_ROTONOTSURUGI,"Erdrick's Sword"
NAME_ID_ITEM_EQUIP_TWOHANDEDSWORD_DOUNOTAIKEN,"Copper Chopper"
NAME_ID_ITEM_EQUIP_TWOHANDEDSWORD_SHOSHINSHAYOUNORYOUTEKEN,"Beginners Greatsword"
NAME_ID_ITEM_EQUIP_TWOHANDEDSWORD_BIGGUBUREDO,"Broad Sword"
NAME_ID_ITEM_EQUIP_TWOHANDEDSWORD_SEIDOUNOTAIKEN,"Bronze Greatsword"
NAME_ID_ITEM_EQUIP_TWOHANDEDSWORD_TETSUNOTAIKEN,"Cast-Iron Claymore"
NAME_ID_ITEM_EQUIP_TWOHANDEDSWORD_BIGGUBUREDOTWO,"Broader Sword"
NAME_ID_ITEM_EQUIP_TWOHANDEDSWORD_SHADOUEJJI,"Black Blade"
NAME_ID_ITEM_EQUIP_TWOHANDEDSWORD_OOBASAMI,"Sizable Scissors"
NAME_ID_ITEM_EQUIP_TWOHANDEDSWORD_HAGANENOTAIKEN,"Carbon Steel Claymore"
NAME_ID_ITEM_EQUIP_TWOHANDEDSWORD_TAIMANOTACHI,"Banishing Blade"
NAME_ID_ITEM_EQUIP_TWOHANDEDSWORD_BURADDOEJJI,"Bloodletter Sword"
NAME_ID_ITEM_EQUIP_TWOHANDEDSWORD_KURESENTOEJJI,"Razer-Wing"
NAME_ID_ITEM_EQUIP_TWOHANDEDSWORD_ZANYANOTACHI,"Nightcleaver"
NAME_ID_ITEM_EQUIP_TWOHANDEDSWORD_PURACHINABUREDO,"Platinum Powersword"
NAME_ID_ITEM_EQUIP_TWOHANDEDSWORD_DEMONBASUTA,"Demonsbane"
NAME_ID_ITEM_EQUIP_TWOHANDEDSWORD_DORAGONBASUTA,"Wyrmfang"
NAME_ID_ITEM_EQUIP_TWOHANDEDSWORD_KINGUBUREDO,"Lord's Sword"
NAME_ID_ITEM_EQUIP_TWOHANDEDSWORD_TAIGOKUKEN,"Brimstone Blade"
NAME_ID_ITEM_EQUIP_TWOHANDEDSWORD_METASURANOTAIKEN,"Metal Gooreatsword"
NAME_ID_ITEM_EQUIP_TWOHANDEDSWORD_TENMANOTAIKEN,"Skysteed Sword"
NAME_ID_ITEM_EQUIP_TWOHANDEDSWORD_FOSUBUREDO,"Force Blade"
NAME_ID_ITEM_EQUIP_TWOHANDEDSWORD_SEIOUNOTAIKEN,"Dryspell Blade"
NAME_ID_ITEM_EQUIP_TWOHANDEDSWORD_ENPAIABUREDO,"Legate's Blade"
NAME_ID_ITEM_EQUIP_TWOHANDEDSWORD_SUISEKINOTAIKEN,"Jade Greatsword"
NAME_ID_ITEM_EQUIP_TWOHANDEDSWORD_KEIOSUBUREDO,"Berserker's Blade"
NAME_ID_ITEM_EQUIP_KNIFE_BURONZUNAIFU,"Bronze Knife"
NAME_ID_ITEM_EQUIP_KNIFE_SHOSHINSHAYOUNOTANKEN,"Beginners Dagger"
NAME_ID_ITEM_EQUIP_KNIFE_SEINARUNAIFU,"Divine Dagger"
NAME_ID_ITEM_EQUIP_KNIFE_DOKUGANONAIFU,"Poison Moth Knife"
NAME_ID_ITEM_EQUIP_KNIFE_SIBUSUNAIFU,"Deadly Nightblade"
NAME_ID_ITEM_EQUIP_KNIFE_ASASHINDAGA,"Assassin's Dagger"
NAME_ID_ITEM_EQUIP_KNIFE_DOKUBARI,"Poison Needle"
NAME_ID_ITEM_EQUIP_KNIFE_GINNOTANKEN,"Silver Dagger"
NAME_ID_ITEM_EQUIP_KNIFE_IGURUDAGA,"Eagle Dagger"
NAME_ID_ITEM_EQUIP_KNIFE_KOAKUMANONAIFU,"Imp Knife"
NAME_ID_ITEM_EQUIP_KNIFE_KIRAPIASU,"Falcon Knife Earring"
NAME_ID_ITEM_EQUIP_KNIFE_YORUNOPAPIYON,"Dread Dagger"
NAME_ID_ITEM_EQUIP_KNIFE_SODOBUREIKA,"Sword Breaker"
NAME_ID_ITEM_EQUIP_KNIFE_KOORINOYAIBA,"Icicle Dirk"
NAME_ID_ITEM_EQUIP_KNIFE_GURADHIUSU,"Gladius"
NAME_ID_ITEM_EQUIP_KNIFE_BURADDOPIKKU,"Bloodletter Knife"
NAME_ID_ITEM_EQUIP_KNIFE_SARAMANDA,"Flame Tang"
NAME_ID_ITEM_EQUIP_KNIFE_OUKENONAIFU,"Nobleman's Knife"
NAME_ID_ITEM_EQUIP_KNIFE_FARUKONDAGA,"Gryphon's Wing"
NAME_ID_ITEM_EQUIP_KNIFE_KOGARASINODAGA,"Pruning Knife"
NAME_ID_ITEM_EQUIP_KNIFE_SAUZANDODAGA,"Deft Dagger"
NAME_ID_ITEM_EQUIP_KNIFE_SEIOUNONAIFU,"Dryspell Knife"
NAME_ID_ITEM_EQUIP_KNIFE_RAITONINGUDAGA,"Thunderstorm Skean"
NAME_ID_ITEM_EQUIP_KNIFE_KURISUTARUEJJI,"Crystal Edge"
NAME_ID_ITEM_EQUIP_KNIFE_POINZUNSUKEIRU,"Serpentscale Skean"
NAME_ID_ITEM_EQUIP_STICK_RORIENOKOEDA,"Laurel Sprig"
NAME_ID_ITEM_EQUIP_STICK_SHOSHINSHAYOUSUTHIKKU,"Beginners Wand"
NAME_ID_ITEM_EQUIP_STICK_PINSUTHIKKU,"Pocus Pin"
NAME_ID_ITEM_EQUIP_STICK_FURAWASUTHIKKU,"Posey Pole"
NAME_ID_ITEM_EQUIP_STICK_SURAIMUSUTEKKI,"Slime Stick"
NAME_ID_ITEM_EQUIP_STICK_TSUINKURUTAKUTO,"Twinkle Little Staff"
NAME_ID_ITEM_EQUIP_STICK_MOMONSUTHIKKU,"Teeny Sanguini Wand"
NAME_ID_ITEM_EQUIP_STICK_FEZASUTHIKKU,"Winged Wand"
NAME_ID_ITEM_EQUIP_STICK_SURATAWASUTEKKI,"Slime Stack Stick"
NAME_ID_ITEM_EQUIP_STICK_RABURISUTHIKKU,"Fond Wand"
NAME_ID_ITEM_EQUIP_STICK_MAJIKARUSUTHIKKU,"Pixie Stick"
NAME_ID_ITEM_EQUIP_STICK_MATEKINOSUTHIKKU,"Brouhaha Boomstick"
NAME_ID_ITEM_EQUIP_STICK_MAPORENASUTEKKI,"Genie Sanguini Wand"
NAME_ID_ITEM_EQUIP_STICK_DORAGONSUTHIKKU,"Wyvern Wand"
NAME_ID_ITEM_EQUIP_STICK_PERORINSUTEKKI,"Lolly Stick"
NAME_ID_ITEM_EQUIP_STICK_PARASORUSUTHIKKU,"Jolly Brolly"
NAME_ID_ITEM_EQUIP_STICK_TENSHINOTAKUTO,"Seraphic Sceptre"
NAME_ID_ITEM_EQUIP_STICK_YUGUDORASHIRU,"Spryggdrasil"
NAME_ID_ITEM_EQUIP_STICK_AKUMANOTAKUTO,"Devil's Baton"
NAME_ID_ITEM_EQUIP_STICK_GOSHIKKUPARASORU,"Glumbrella"
NAME_ID_ITEM_EQUIP_STICK_TAITANIASUTEKKI,"Butterfly Baton"
NAME_ID_ITEM_EQUIP_STICK_SEIOUNOSUTHIKKU,"Dryspell Wand"
NAME_ID_ITEM_EQUIP_STICK_HIKARINOTAKUTO,"Glow Stick"
NAME_ID_ITEM_EQUIP_STICK_FANTASUTHIKKU,"Fantastick"
NAME_ID_ITEM_EQUIP_STICK_RAKURIMATAKUTO,"Cane of Compassion"
NAME_ID_ITEM_EQUIP_ROD_KASHINOTSUE,"Oak Staff"
NAME_ID_ITEM_EQUIP_ROD_SHOSHINSHAYOUNORYOUTETSUE,"Beginners Staff"
NAME_ID_ITEM_EQUIP_ROD_MADOUSHINOTSUE,"Wizard's Staff"
NAME_ID_ITEM_EQUIP_ROD_SABAKINOTSUE,"Staff of Sentencing"
NAME_ID_ITEM_EQUIP_ROD_AMAGUMONOTSUE,"Staff of Rain"
NAME_ID_ITEM_EQUIP_ROD_MAHUJINOTSUE,"Staff of Antimagic"
NAME_ID_ITEM_EQUIP_ROD_UMINARINOTSUE,"Watermaul Wand"
NAME_ID_ITEM_EQUIP_ROD_YOUSEINOTSUE,"Faerie Staff"
NAME_ID_ITEM_EQUIP_ROD_IKAZUCHINOTSUE,"Lightning Staff"
NAME_ID_ITEM_EQUIP_ROD_PIORANOTSUE,"Rod of Rapidity"
NAME_ID_ITEM_EQUIP_ROD_MAGUMANOTSUE,"Magma Staff"
NAME_ID_ITEM_EQUIP_ROD_RUNSUTAFFU,"Rune Staff"
NAME_ID_ITEM_EQUIP_ROD_SEIREINOTSUE,"Spirit Staff"
NAME_ID_ITEM_EQUIP_ROD_KOORINOTSUE,"Shiverstick"
NAME_ID_ITEM_EQUIP_ROD_MAGANNOTSUE,"Hocus Locus"
NAME_ID_ITEM_EQUIP_ROD_SEIRENNOTSUE,"Siren's Staff"
NAME_ID_ITEM_EQUIP_ROD_FUKUINNOTSUE,"Staff of Salvation"
NAME_ID_ITEM_EQUIP_ROD_AKUWANDO,"Celestial Sceptre"
NAME_ID_ITEM_EQUIP_ROD_KENJYANOTSUE,"Sage's Staff"
NAME_ID_ITEM_EQUIP_ROD_MEGAMINOTSUE,"Sacrosanct Staff"
NAME_ID_ITEM_EQUIP_ROD_DORAGONNOTSUE,"Wyrmwand"
NAME_ID_ITEM_EQUIP_ROD_SEIOUNOTSUE,"Dryspell Staff"
NAME_ID_ITEM_EQUIP_ROD_HIKARINOTSUE,"Bright Staff"
NAME_ID_ITEM_EQUIP_ROD_FUSISHANOMAJYOU,"Staff of the Undead"
NAME_ID_ITEM_EQUIP_ROD_IRISUNOTSUE,"Rod of Paradise"
NAME_ID_ITEM_EQUIP_SPEAR_TAKEYARI,"Bamboo Spear"
NAME_ID_ITEM_EQUIP_SPEAR_SHOSHINSHAYOUNOYARI,"Beginners Spear"
NAME_ID_ITEM_EQUIP_SPEAR_RONGUSUPIA,"Long Spear"
NAME_ID_ITEM_EQUIP_SPEAR_SEIDOUNOYARI,"Bronze Lance"
NAME_ID_ITEM_EQUIP_SPEAR_TETSUNOYARI,"Iron Lance"
NAME_ID_ITEM_EQUIP_SPEAR_KONOEHEINOYARI,"Praetorian Partisan"
NAME_ID_ITEM_EQUIP_SPEAR_HORIRANSU,"Holy Lance"
NAME_ID_ITEM_EQUIP_SPEAR_BATORUFOKU,"Battle Fork"
NAME_ID_ITEM_EQUIP_SPEAR_HAGANENOYARI,"Steel Lance"
NAME_ID_ITEM_EQUIP_SPEAR_INAZUMANOYARI,"Lightning Lance"
NAME_ID_ITEM_EQUIP_SPEAR_PARUCHIZAN,"Partisan"
NAME_ID_ITEM_EQUIP_SPEAR_GURAKOSUNOYARI,"Gracos's Trident"
NAME_ID_ITEM_EQUIP_SPEAR_SAJINNOYARI,"Sandstorm Spear"
NAME_ID_ITEM_EQUIP_SPEAR_PURACHINANOYARI,"Platinum Lance"
NAME_ID_ITEM_EQUIP_SPEAR_DEMONSUPIA,"Demon Spear"
NAME_ID_ITEM_EQUIP_SPEAR_RAIJINNOYARI,"Storm Spear"
NAME_ID_ITEM_EQUIP_SPEAR_EIYUUNOYARI,"Hero Spear"
NAME_ID_ITEM_EQUIP_SPEAR_OSEANOSUSUPIA,"Full Fathom Fork"
NAME_ID_ITEM_EQUIP_SPEAR_METASURANOYARI,"Metal Slime Spear"
NAME_ID_ITEM_EQUIP_SPEAR_SEIKISHINOYARI,"Paladin's Lance"
NAME_ID_ITEM_EQUIP_SPEAR_KISHINNOMASOU,"Poker"
NAME_ID_ITEM_EQUIP_SPEAR_SEIOUNOYARI,"Dryspell Spear"
NAME_ID_ITEM_EQUIP_SPEAR_SERAFIMUNOYARI,"Seraph's Spear"
NAME_ID_ITEM_EQUIP_SPEAR_ATENANOSEISOU,"Sacred Spear"
NAME_ID_ITEM_EQUIP_SPEAR_BURADDOSUPIA,"Barbarous Pole"
NAME_ID_ITEM_EQUIP_AXE_DOUNOONO,"Copper Axe"
NAME_ID_ITEM_EQUIP_AXE_SHOSHINSHAYOUNOONO,"Beginners Axe"
NAME_ID_ITEM_EQUIP_AXE_SEIDOUNOONO,"Bronze Axe"
NAME_ID_ITEM_EQUIP_AXE_SANZOKUNOONO,"Bandit Axe"
NAME_ID_ITEM_EQUIP_AXE_RAITOAKKUSU,"Light Axe"
NAME_ID_ITEM_EQUIP_AXE_TETSUNOONO,"Iron Axe"
NAME_ID_ITEM_EQUIP_AXE_BATORUAKKUSU,"Battle Axe"
NAME_ID_ITEM_EQUIP_AXE_SHIRUBAAKKUSU,"Silver Axe"
NAME_ID_ITEM_EQUIP_AXE_HAGANENOONO,"Steel Axe"
NAME_ID_ITEM_EQUIP_AXE_KARUSADORAAKKUSU,"Calsadora Axe"
NAME_ID_ITEM_EQUIP_AXE_MUNAKKUSU,"Moon Axe"
NAME_ID_ITEM_EQUIP_AXE_TATSUJINNOONO,"Pro's Axe"
NAME_ID_ITEM_EQUIP_AXE_KINGUAKKUSU,"King Axe"
NAME_ID_ITEM_EQUIP_AXE_EKURIPUSUAKKUSU,"Eclipse Axe"
NAME_ID_ITEM_EQUIP_AXE_SHAMANAKKUSU,"Heedoovoodoo Axe"
NAME_ID_ITEM_EQUIP_AXE_FUBUKINOONO,"Ice Axe"
NAME_ID_ITEM_EQUIP_AXE_KAIZAAKKUSU,"Kaiser Axe"
NAME_ID_ITEM_EQUIP_AXE_DESUTOROIYA,"Obliteratoriser"
NAME_ID_ITEM_EQUIP_AXE_HASHANOONO,"Conqueror's Axe"
NAME_ID_ITEM_EQUIP_AXE_GURETOAKKUSU,"Bad Axe"
NAME_ID_ITEM_EQUIP_AXE_FUNSAINOOONATA,"Heavy Hatchet"
NAME_ID_ITEM_EQUIP_AXE_SEIOUNOONO,"Dryspell Axe"
NAME_ID_ITEM_EQUIP_AXE_APORONNOONO,"Apollo's Axe"
NAME_ID_ITEM_EQUIP_AXE_DYUKUAKKUSU,"Aristocrat's Axe"
NAME_ID_ITEM_EQUIP_AXE_VARANGAAKKUSU,"Valanga Axe"
NAME_ID_ITEM_EQUIP_CLUB_MONOHOSHIZAO,"Laundry Pole"
NAME_ID_ITEM_EQUIP_CLUB_SHOSHINSHAYOUNOKON,"Beginners Rod"
NAME_ID_ITEM_EQUIP_CLUB_TENBINBOU,"Carrying Pole"
NAME_ID_ITEM_EQUIP_CLUB_KASHINOKON,"Oaken Pole"
NAME_ID_ITEM_EQUIP_CLUB_ROKKAKUBOU,"Hexapole"
NAME_ID_ITEM_EQUIP_CLUB_GYOUJYANOKON,"Ascetic Rod"
NAME_ID_ITEM_EQUIP_CLUB_SEREMONIRODDO,"Ceremony Rod"
NAME_ID_ITEM_EQUIP_CLUB_ENBUNOKON,"Driller Pillar"
NAME_ID_ITEM_EQUIP_CLUB_MADOROMINOKON,"Sleepy Stick"
NAME_ID_ITEM_EQUIP_CLUB_SUPAIKURODDO,"Barbed Bludgeon"
NAME_ID_ITEM_EQUIP_CLUB_KURASSHURODDO,"Crusher Rod"
NAME_ID_ITEM_EQUIP_CLUB_REINIRODDO,"Mistick"
NAME_ID_ITEM_EQUIP_CLUB_RASETSUNOKON,"Taming Rod"
NAME_ID_ITEM_EQUIP_CLUB_ROUGABOU,"Sadistick"
NAME_ID_ITEM_EQUIP_CLUB_YASHANOKON,"Slaying Rod"
NAME_ID_ITEM_EQUIP_CLUB_DORAGONRODDO,"Dragon Rod"
NAME_ID_ITEM_EQUIP_CLUB_NICHIRINNOKON,"Solar Rod"
NAME_ID_ITEM_EQUIP_CLUB_HAKUJYANOKON,"White Snake Rod"
NAME_ID_ITEM_EQUIP_CLUB_NAGEKINOKON,"Rod of Mourning"
NAME_ID_ITEM_EQUIP_CLUB_SHURANOKON,"Knockout Rod"
NAME_ID_ITEM_EQUIP_CLUB_SHENRONRODDO,"Xenlon Rod"
NAME_ID_ITEM_EQUIP_CLUB_SEIOUNOKON,"Dryspell Rod"
NAME_ID_ITEM_EQUIP_CLUB_ONMYOUDOUNOKON,"Rod of Yin and Yang"
NAME_ID_ITEM_EQUIP_CLUB_APOKARIPUSU,"Pole of Opposites"
NAME_ID_ITEM_EQUIP_CLUB_DEMONRODDO,"Demon Rod"
NAME_ID_ITEM_EQUIP_CLAW_DOUNOTSUME,"Copper Claws"
NAME_ID_ITEM_EQUIP_CLAW_SHOSHINSHAYOUNOTSUME,"Beginners Claws"
NAME_ID_ITEM_EQUIP_CLAW_KYATTOKURO,"Cat's Claws"
NAME_ID_ITEM_EQUIP_CLAW_SEIDOUNOTSUME,"Bronze Claws"
NAME_ID_ITEM_EQUIP_CLAW_TETSUNOTSUME,"Iron Claws"
NAME_ID_ITEM_EQUIP_CLAW_MAYOKENOTSUME,"Sacred Claws"
NAME_ID_ITEM_EQUIP_CLAW_SHIRUBAKURO,"Silver Claws"
NAME_ID_ITEM_EQUIP_CLAW_KOAKUMANEIRU,"Infernails"
NAME_ID_ITEM_EQUIP_CLAW_HAGANENOTSUME,"Steel Claws"
NAME_ID_ITEM_EQUIP_CLAW_KUROHYOUNOTSUME,"Panther Claws"
NAME_ID_ITEM_EQUIP_CLAW_HAYABUSANOTSUME,"Crow's Claws"
NAME_ID_ITEM_EQUIP_CLAW_HONOONOTSUME,"Fire Claws"
NAME_ID_ITEM_EQUIP_CLAW_KOORINOTSUME,"Ice Claws"
NAME_ID_ITEM_EQUIP_CLAW_DORAGONKURO,"Dragon Claws"
NAME_ID_ITEM_EQUIP_CLAW_AKUMANOTSUME,"Cobra Claws"
NAME_ID_ITEM_EQUIP_CLAW_PURACHINAKURO,"Platinum Claws"
NAME_ID_ITEM_EQUIP_CLAW_MAJYUUNOTSUME,"Beast Claws"
NAME_ID_ITEM_EQUIP_CLAW_KOBUDOUNOTSUME,"Crimson Claws"
NAME_ID_ITEM_EQUIP_CLAW_FARUKONKURO,"Gryphon Talon"
NAME_ID_ITEM_EQUIP_CLAW_MEIJYUUNOTSUME,"Monster Slashers"
NAME_ID_ITEM_EQUIP_CLAW_RYUUOUNOTSUME,"Dragonlord Claw"
NAME_ID_ITEM_EQUIP_CLAW_SEIOUNOTSUME,"Dryspell Claw"
NAME_ID_ITEM_EQUIP_CLAW_KURISUTARUKURO,"Crystal Claws"
NAME_ID_ITEM_EQUIP_CLAW_KYAPUTENKURO,"Captain's Hooks"
NAME_ID_ITEM_EQUIP_CLAW_SOUENNOTSUME,"Frostfire Fingers"
NAME_ID_ITEM_EQUIP_WHIP_KAWANOMUCHI,"Leather Whip"
NAME_ID_ITEM_EQUIP_WHIP_SHOSHINSHAYOUNOMUCHI,"Beginners Whip"
NAME_ID_ITEM_EQUIP_WHIP_IBARANOMUCHI,"Thorn Whip"
NAME_ID_ITEM_EQUIP_WHIP_BATORURIBON,"Battle Whip"
NAME_ID_ITEM_EQUIP_WHIP_HEBIGAWANOMUCHI,"Snakeskin Whip"
NAME_ID_ITEM_EQUIP_WHIP_TETSUNOMUCHI,"Iron Whip"
NAME_ID_ITEM_EQUIP_WHIP_ROZUULIPPU,"Rosewhip"
NAME_ID_ITEM_EQUIP_WHIP_MONINGUSUTA,"Morning Star"
NAME_ID_ITEM_EQUIP_WHIP_PAISONULIPPU,"Python Whip"
NAME_ID_ITEM_EQUIP_WHIP_HAGANENOMUCHI,"Spiked Steel Whip"
NAME_ID_ITEM_EQUIP_WHIP_BISUTOULIPPU,"Beastly Bullwhip"
NAME_ID_ITEM_EQUIP_WHIP_SAIDOWAINDA,"Sidewinder"
NAME_ID_ITEM_EQUIP_WHIP_MIWAKUNORIBON,"Hypnowhip"
NAME_ID_ITEM_EQUIP_WHIP_DORAGONTEIRU,"Dragontail Whip"
NAME_ID_ITEM_EQUIP_WHIP_SUKOPIONTEIRU,"Scorpion Tail"
NAME_ID_ITEM_EQUIP_WHIP_BASUTAULIPPU,"Scourge Whip"
NAME_ID_ITEM_EQUIP_WHIP_AKUMANOMUCHI,"Demon's Whip"
NAME_ID_ITEM_EQUIP_WHIP_KARUBEROBYUTO,"Wizardly Whip"
NAME_ID_ITEM_EQUIP_WHIP_JYOUOUNOMUCHI,"Queen's Whip"
NAME_ID_ITEM_EQUIP_WHIP_SAPENTOULIPPU,"Serpent Whip"
NAME_ID_ITEM_EQUIP_WHIP_MAJINNOMUCHI,"Beelzebarb"
NAME_ID_ITEM_EQUIP_WHIP_SEIOUNOMUCHI,"Dryspell Whip"
NAME_ID_ITEM_EQUIP_WHIP_TORAIDENTOTEIRU,"Triple-Tine Whip"
NAME_ID_ITEM_EQUIP_WHIP_VOIDOANKA,"Anchor of Rancour"
NAME_ID_ITEM_EQUIP_WHIP_FURIZUULIPPU,"Malevolash"
NAME_ID_ITEM_EQUIP_FAN_SHIRAGINOOUGI,"Wooden Fan"
NAME_ID_ITEM_EQUIP_FAN_SHOSHINSHAYOUNOOUGI,"Beginners Fan"
NAME_ID_ITEM_EQUIP_FAN_HANEOUGI,"Feather Fan"
NAME_ID_ITEM_EQUIP_FAN_BATORUFAN,"War Fan"
NAME_ID_ITEM_EQUIP_FAN_TETSUNOOUGI,"Iron Fan"
NAME_ID_ITEM_EQUIP_FAN_KAMENOOUGI,"Tortoiseshell Fan"
NAME_ID_ITEM_EQUIP_FAN_TORINOOUGI,"Fowl Fan"
NAME_ID_ITEM_EQUIP_FAN_NANAHOSHINOOUGI,"Seven Star Fan"
NAME_ID_ITEM_EQUIP_FAN_KUJYAKUNOOUGI,"Peacock Fan"
NAME_ID_ITEM_EQUIP_FAN_NEKONOOUGI,"Feline Fan"
NAME_ID_ITEM_EQUIP_FAN_HEBINOOUGI,"Cobra Fan"
NAME_ID_ITEM_EQUIP_FAN_MAJIKKUFAN,"Magic Fan"
NAME_ID_ITEM_EQUIP_FAN_HOSHINOOUGI,"Stellar Fan"
NAME_ID_ITEM_EQUIP_FAN_MASHOUNOOUGI,"Devilish Fan"
NAME_ID_ITEM_EQUIP_FAN_REINBOFAN,"Rainbow Fan"
NAME_ID_ITEM_EQUIP_FAN_TSUKINOOUGI,"Lunar Fan"
NAME_ID_ITEM_EQUIP_FAN_BASHOUSEN,"Frond Fan"
NAME_ID_ITEM_EQUIP_FAN_TAIYOUNOOUGI,"Solar Fan"
NAME_ID_ITEM_EQUIP_FAN_TENKATAIHEI,"Fan of Peace"
NAME_ID_ITEM_EQUIP_FAN_HISSATSUNOOUGI,"Critical Fan"
NAME_ID_ITEM_EQUIP_FAN_FUURINKAZAN,"Attribeauty"
NAME_ID_ITEM_EQUIP_FAN_SEIOUNOOUGI,"Dryspell Fan"
NAME_ID_ITEM_EQUIP_FAN_KAREIDOSUKOPU,"Kaleidoscope"
NAME_ID_ITEM_EQUIP_FAN_HARUJION,"Fleabane"
NAME_ID_ITEM_EQUIP_FAN_SEIRANNOOUGI,"Tempest Fan"
NAME_ID_ITEM_EQUIP_HAMMER_KONBOU,"Oaken Club"
NAME_ID_ITEM_EQUIP_HAMMER_SHOSHINSHAYOUNOHANMA,"Beginners Hammer"
NAME_ID_ITEM_EQUIP_HAMMER_OOKIDUCHI,"Giant Mallet"
NAME_ID_ITEM_EQUIP_HAMMER_SEIDOUNOKANADUCHI,"Bronze Hammer"
NAME_ID_ITEM_EQUIP_HAMMER_OOKANADUCH,"Sledgehammer"
NAME_ID_ITEM_EQUIP_HAMMER_TETSUNOKANABOU,"Iron Club"
NAME_ID_ITEM_EQUIP_HAMMER_ULOHANMA,"War Hammer"
NAME_ID_ITEM_EQUIP_HAMMER_GINNOKANADUCHI,"Silver Hammer"
NAME_ID_ITEM_EQUIP_HAMMER_HAGANENOKANADUCHI,"Steel Hammer"
NAME_ID_ITEM_EQUIP_HAMMER_BATORUSUTANPA,"Battle Stamper"
NAME_ID_ITEM_EQUIP_HAMMER_ONINOKANABOU,"Marauder's Maul"
NAME_ID_ITEM_EQUIP_HAMMER_BONKURASSHA,"Bonecrusher"
NAME_ID_ITEM_EQUIP_HAMMER_MAJIKKUTONKACHI,"Magic Hammer"
NAME_ID_ITEM_EQUIP_HAMMER_BORUKANOHANMA,"Volcano Hammer"
NAME_ID_ITEM_EQUIP_HAMMER_TSUNDORAHANMA,"Tundra Hammer"
NAME_ID_ITEM_EQUIP_HAMMER_PURACHINAHANMA,"Platinum Hammer"
NAME_ID_ITEM_EQUIP_HAMMER_GURETOHANMA,"Great Hammer"
NAME_ID_ITEM_EQUIP_HAMMER_KYOJINNOHANMA,"Giant's Hammer"
NAME_ID_ITEM_EQUIP_HAMMER_MEGATONHANMA,"Megaton Hammer"
NAME_ID_ITEM_EQUIP_HAMMER_GODONHANMA,"Mega Moai Hammer"
NAME_ID_ITEM_EQUIP_HAMMER_MAJINNOKANADUCHI,"Hela's Hammer"
NAME_ID_ITEM_EQUIP_HAMMER_SEIOUNOHANMA,"Dryspell Hammer"
NAME_ID_ITEM_EQUIP_HAMMER_DAICHIKUDAKI,"Groundbreaker"
NAME_ID_ITEM_EQUIP_HAMMER_BARETTOHANMA,"Bullet Hammer"
NAME_ID_ITEM_EQUIP_HAMMER_TENSHINOTETTSUI,"Angel's Hammer"
NAME_ID_ITEM_EQUIP_BOOMERANG_KASHINOBUMERAN,"Birchwood Boomerang"
NAME_ID_ITEM_EQUIP_BOOMERANG_SHOSHINSHAYOUNOBUMERAN,"Beginners Boomerang"
NAME_ID_ITEM_EQUIP_BOOMERANG_YAIBANOBUMERAN,"Edged Boomerang"
NAME_ID_ITEM_EQUIP_BOOMERANG_BURONZUBUMERAN,"Bronze Boomerang"
NAME_ID_ITEM_EQUIP_BOOMERANG_KUROSUBUMERAN,"Crucerang"
NAME_ID_ITEM_EQUIP_BOOMERANG_AIANULINGU,"Flyin' Iron"
NAME_ID_ITEM_EQUIP_BOOMERANG_ULINGUEJJI,"Razor-Wing Boomerang"
NAME_ID_ITEM_EQUIP_BOOMERANG_SHIRUBASAKURU,"Silver Circle"
NAME_ID_ITEM_EQUIP_BOOMERANG_KAZENOBUMERAN,"Gusterang"
NAME_ID_ITEM_EQUIP_BOOMERANG_HAGANENOBUMERAN,"Soarin' Steel"
NAME_ID_ITEM_EQUIP_BOOMERANG_TSUINSUWARO,"Swallowtail"
NAME_ID_ITEM_EQUIP_BOOMERANG_NINJYAKATTA,"Ninja Cutter"
NAME_ID_ITEM_EQUIP_BOOMERANG_MAJIKKUCHAKURAMU,"Magic Circle"
NAME_ID_ITEM_EQUIP_BOOMERANG_HONOONOBUMERAN,"Flametang Boomerang"
NAME_ID_ITEM_EQUIP_BOOMERANG_KOORINOBUMERAN,"Winter's Wing"
NAME_ID_ITEM_EQUIP_BOOMERANG_PURACHINAULINGU,"Platinum Plumes"
NAME_ID_ITEM_EQUIP_BOOMERANG_BURAKKUKONDORU,"Black Buzzard"
NAME_ID_ITEM_EQUIP_BOOMERANG_SAZANKUROSU,"Star Cross"
NAME_ID_ITEM_EQUIP_BOOMERANG_PENTAGURAMU,"Pentarang"
NAME_ID_ITEM_EQUIP_BOOMERANG_METARUULINGU,"Metal Wing Boomerang"
NAME_ID_ITEM_EQUIP_BOOMERANG_METEOEJJI,"Meteorang"
NAME_ID_ITEM_EQUIP_BOOMERANG_SEIOUNOBUMERAN,"Dryspell Boomerang"
NAME_ID_ITEM_EQUIP_BOOMERANG_BURUFARUKON,"Blue Falcon"
NAME_ID_ITEM_EQUIP_BOOMERANG_DAKUSUTA,"Dark Star"
NAME_ID_ITEM_EQUIP_BOOMERANG_TORAICHAKURAMU,"Tri-Chakram"
NAME_ID_ITEM_EQUIP_BOW_AOTAKENOYUMI,"Bamboo Bow"
NAME_ID_ITEM_EQUIP_BOW_SHOSHINSHAYOUNOYUMI,"Beginners Bow"
NAME_ID_ITEM_EQUIP_BOW_WAKAGINOYUMI,"Sapling Bow"
NAME_ID_ITEM_EQUIP_BOW_KOBOKUNOYUMI,"Gnarled Bow"
NAME_ID_ITEM_EQUIP_BOW_SHITANNOYUMI,"Sandalwood Bow"
NAME_ID_ITEM_EQUIP_BOW_RONGUBOU,"Longbow"
NAME_ID_ITEM_EQUIP_BOW_KARIUDONOYUMI,"Potshot Bow"
NAME_ID_ITEM_EQUIP_BOW_KOAKUMANOYUMI,"Imp Bow"
NAME_ID_ITEM_EQUIP_BOW_EROSUNOYUMI,"Eros' Bow"
NAME_ID_ITEM_EQUIP_BOW_KAZEKIRINOYUMI,"Blowy Bow"
NAME_ID_ITEM_EQUIP_BOW_YUUWAKUNOYUMI,"Fuddle Bow"
NAME_ID_ITEM_EQUIP_BOW_GEKKOUNOYUMI,"Moonlight Bow"
NAME_ID_ITEM_EQUIP_BOW_HAKUCHOUNOYUMI,"Swan Bow"
NAME_ID_ITEM_EQUIP_BOW_NAITOSUNAIPA,"Night Sniper"
NAME_ID_ITEM_EQUIP_BOW_SUZAKUNOYUMI,"Vermilion Bird Bow"
NAME_ID_ITEM_EQUIP_BOW_MUGENNOYUMI,"Purblind Bow"
NAME_ID_ITEM_EQUIP_BOW_ARUTEMISUNOYUMI,"Artemis' Bow"
NAME_ID_ITEM_EQUIP_BOW_KEIRONNOYUMI,"Cheiron's Bow"
NAME_ID_ITEM_EQUIP_BOW_JIGOKUNOYUMI,"Oh-No Bow"
NAME_ID_ITEM_EQUIP_BOW_BAJIRISUKUNOYUMI,"Basilisk Bow"
NAME_ID_ITEM_EQUIP_BOW_TENSHINOYUMI,"Angel's Bow"
NAME_ID_ITEM_EQUIP_BOW_SEIOUNOYUMISE,"Dryspell Bow"
NAME_ID_ITEM_EQUIP_BOW_ODHINBOU,"Odin's Bow"
NAME_ID_ITEM_EQUIP_BOW_ORUFEUSUNOYUMI,"Orpheus' Bow"
NAME_ID_ITEM_EQUIP_BOW_ANFISUBAENA,"Amphisbaena"
NAME_ID_ITEM_EQUIP_SHIELD_KAWANOTATE,"Leather Shield"
NAME_ID_ITEM_EQUIP_SHIELD_UROKONOTATE,"Scale Shield"
NAME_ID_ITEM_EQUIP_SHIELD_SEIDOUNOTATE,"Bronze Shield"
NAME_ID_ITEM_EQUIP_SHIELD_RAITOBAKKURA,"Light Shield"
NAME_ID_ITEM_EQUIP_SHIELD_SURAIMUTOREI,"Slime Shield"
NAME_ID_ITEM_EQUIP_SHIELD_SIRUBATOREI,"Silver Platter"
NAME_ID_ITEM_EQUIP_SHIELD_KOZOUBAKKURA,"Leery Buckler"
NAME_ID_ITEM_EQUIP_SHIELD_HOWAITOBAKKURA,"White Shield"
NAME_ID_ITEM_EQUIP_SHIELD_SURAIMUBESUTOREI,"She-Slime Shield"
NAME_ID_ITEM_EQUIP_SHIELD_MAHOUNOTATE,"Magic Shield"
NAME_ID_ITEM_EQUIP_SHIELD_FUUMANOTATE,"Dampening Shield"
NAME_ID_ITEM_EQUIP_SHIELD_KAITOBAKKURA,"Kite Buckler"
NAME_ID_ITEM_EQUIP_SHIELD_PURACHINATOREI,"Platinum Platter"
NAME_ID_ITEM_EQUIP_SHIELD_RUFUNOTATE,"Luf's Shield"
NAME_ID_ITEM_EQUIP_SHIELD_ONIGUMONOTATE,"Spider Shield"
NAME_ID_ITEM_EQUIP_SHIELD_RUNBAKKURA,"Rune Buckler"
NAME_ID_ITEM_EQUIP_SHIELD_MIKAGAMINOTATE,"Silver Shield"
NAME_ID_ITEM_EQUIP_SHIELD_METASURANOTATE,"Metal Slime Shield"
NAME_ID_ITEM_EQUIP_SHIELD_SEIOUNOTATE,"Dryspell Shield"
NAME_ID_ITEM_EQUIP_SHIELD_SEIJYONOTATE,"Saintess Shield"
NAME_ID_ITEM_EQUIP_SHIELD_KASHINOOOTATE,"Oak Greatshield"
NAME_ID_ITEM_EQUIP_SHIELD_TETSUNOOOTATE,"Iron Shield"
NAME_ID_ITEM_EQUIP_SHIELD_HAGANENOOOTATE,"Steel Greatshield"
NAME_ID_ITEM_EQUIP_SHIELD_SENSHINOOOTATE,"Warrior's Greatshield"
NAME_ID_ITEM_EQUIP_SHIELD_PURACHINASHIRUDO,"Platinum Shield"
NAME_ID_ITEM_EQUIP_SHIELD_DORAGONSHIRUDO,"Dragon Shield"
NAME_ID_ITEM_EQUIP_SHIELD_OYABUNNOOOTATE,"Big Boss Shield"
NAME_ID_ITEM_EQUIP_SHIELD_SEIKISHINOOOTATE,"Paladin's Greatshield"
NAME_ID_ITEM_EQUIP_SHIELD_OGASHIRUDO,"Ogre Shield"
NAME_ID_ITEM_EQUIP_SHIELD_JYAGANNOOOTATE,"Evil-Eye Greatshield"
NAME_ID_ITEM_EQUIP_SHIELD_SEIOUNOOOTATE,"Dryspell Greatshield"
NAME_ID_ITEM_EQUIP_SHIELD_URUBEANOOOTATE,"Urbea Greatshield"
NAME_ID_ITEM_EQUIP_SHIELD_ZERESUTAITONOOOTATE,"Celestite Greatshield"
NAME_ID_ITEM_EQUIP_SHIELD_ROTONOTATE,"Erdrick's Shield"
NAME_ID_ITEM_EQUIP_FISHROD_JYOUBUNATSURIZAO,"Strong Fishing Rod"
NAME_ID_ITEM_EQUIP_FISHROD_KIREINATSURIZAO,"Beautiful Fishing Rod"
NAME_ID_ITEM_EQUIP_FISHROD_HONOONOTSURIZAO,"Fire Fishing Rod"
NAME_ID_ITEM_EQUIP_FISHROD_KOORINOTSURIZAO,"Ice Fishing Rod"
NAME_ID_ITEM_EQUIP_FISHROD_YAMINOTSURIZAO,"Dark Fishing Rod"
NAME_ID_ITEM_EQUIP_FISHROD_KISEKINOTSURIZAO,"Miracle Fishing Rod"
NAME_ID_ITEM_EQUIP_LURE_GINNORUA,"Silver Lure Book"
NAME_ID_ITEM_EQUIP_LURE_PURACHINARUA,"Platinum Lure Book"
NAME_ID_ITEM_EQUIP_LURE_MADYURAITORUA,"Darkonium Lure Book"
NAME_ID_ITEM_EQUIP_LURE_TENSHINORUA,"Angel Lure Book"
NAME_ID_ITEM_EQUIP_LURE_TOGETOGERUA,"Spiky Lure Book"
NAME_ID_ITEM_EQUIP_LURE_YAIBANORUA,"Pointy Lure Book"
RUBY_ID_ITEM_EQUIP_ONEHANDEDSWORD_DOUNOTSURUGI,"Copper Sword"
RUBY_ID_ITEM_EQUIP_ONEHANDEDSWORD_ETENENOKEN,"えてーねのけん"
RUBY_ID_ITEM_EQUIP_ONEHANDEDSWORD_SHOSHINSHAYOUNOKATATEKEN,"しょしんしゃようのかたてけん"
RUBY_ID_ITEM_EQUIP_ONEHANDEDSWORD_REIPIA,"れいぴあ"
RUBY_ID_ITEM_EQUIP_ONEHANDEDSWORD_SEIDOUNOTSURUGI,"Bronze Sword"
RUBY_ID_ITEM_EQUIP_ONEHANDEDSWORD_TETSUNOTSURUGI,"Iron Broadsword"
RUBY_ID_ITEM_EQUIP_ONEHANDEDSWORD_SANZOKUNOSABERU,"さんぞくのさーべる"
RUBY_ID_ITEM_EQUIP_ONEHANDEDSWORD_BASUTADOSODO,"ばすたーどそーど"
RUBY_ID_ITEM_EQUIP_ONEHANDEDSWORD_GINNOREIPIA,"ぎんのれいぴあ"
RUBY_ID_ITEM_EQUIP_ONEHANDEDSWORD_HAGANENOTSURUGI,"Steel Broadsword"
RUBY_ID_ITEM_EQUIP_ONEHANDEDSWORD_ULESUTANREIPIA,"うぇすたんれいぴあ"
RUBY_ID_ITEM_EQUIP_ONEHANDEDSWORD_HAJYANOTSURUGI,"Cautery Sword"
RUBY_ID_ITEM_EQUIP_ONEHANDEDSWORD_SENSHINOKEN,"せんしのけん"
RUBY_ID_ITEM_EQUIP_ONEHANDEDSWORD_HAYABUSANOKEN,"はやぶさのけん"
RUBY_ID_ITEM_EQUIP_ONEHANDEDSWORD_MAKENSHINOREIPIA,"まけんしのれいぴあ"
RUBY_ID_ITEM_EQUIP_ONEHANDEDSWORD_DORAGONKIRA,"どらごんきらー"
RUBY_ID_ITEM_EQUIP_ONEHANDEDSWORD_PURACHINASODO,"ぷらちなそーど"
RUBY_ID_ITEM_EQUIP_ONEHANDEDSWORD_ZONBIKIRA,"ぞんびきらー"
RUBY_ID_ITEM_EQUIP_ONEHANDEDSWORD_HONOONOTSURUGI,"Fire Blade"
RUBY_ID_ITEM_EQUIP_ONEHANDEDSWORD_KISEKINOTSURUGI,"Miracle Sword"
RUBY_ID_ITEM_EQUIP_ONEHANDEDSWORD_METASURANOKEN,"めたすらのけん"
RUBY_ID_ITEM_EQUIP_ONEHANDEDSWORD_ONIKISUNOMAKEN,"おにきすのまけん"
RUBY_ID_ITEM_EQUIP_ONEHANDEDSWORD_HOSHIKUZUNOTSURUGI,"Stardust Sword"
RUBY_ID_ITEM_EQUIP_ONEHANDEDSWORD_SEIOUNOTSURUGI,"せいおうのつるぎ"
RUBY_ID_ITEM_EQUIP_ONEHANDEDSWORD_RAITONINGUSODO,"らいとにんぐそーど"
RUBY_ID_ITEM_EQUIP_ONEHANDEDSWORD_MEITOUZANTETSUMARU,"めいとう　ざんてつまる"
RUBY_ID_ITEM_EQUIP_ONEHANDEDSWORD_TENMEINOTSURUGI,"てんめいのつるぎ"
RUBY_ID_ITEM_EQUIP_ONEHANDEDSWORD_ROTONOTSURUGI,"ろとのつるぎ"
RUBY_ID_ITEM_EQUIP_TWOHANDEDSWORD_DOUNOTAIKEN,"どうのたいけん"
RUBY_ID_ITEM_EQUIP_TWOHANDEDSWORD_SHOSHINSHAYOUNORYOUTEKEN,"しょしんしゃようのりょうてけん"
RUBY_ID_ITEM_EQUIP_TWOHANDEDSWORD_BIGGUBUREDO,"びっぐぶれーど"
RUBY_ID_ITEM_EQUIP_TWOHANDEDSWORD_SEIDOUNOTAIKEN,"せいどうのたいけん"
RUBY_ID_ITEM_EQUIP_TWOHANDEDSWORD_TETSUNOTAIKEN,"てつのたいけん"
RUBY_ID_ITEM_EQUIP_TWOHANDEDSWORD_BIGGUBUREDOTWO,"びっぐぶれーど２"
RUBY_ID_ITEM_EQUIP_TWOHANDEDSWORD_SHADOUEJJI,"しゃどうえっじ"
RUBY_ID_ITEM_EQUIP_TWOHANDEDSWORD_OOBASAMI,"Sizable Scissors"
RUBY_ID_ITEM_EQUIP_TWOHANDEDSWORD_HAGANENOTAIKEN,"はがねのたいけん"
RUBY_ID_ITEM_EQUIP_TWOHANDEDSWORD_TAIMANOTACHI,"たいまのたち"
RUBY_ID_ITEM_EQUIP_TWOHANDEDSWORD_BURADDOEJJI,"ぶらっどえっじ"
RUBY_ID_ITEM_EQUIP_TWOHANDEDSWORD_KURESENTOEJJI,"くれせんとえっじ"
RUBY_ID_ITEM_EQUIP_TWOHANDEDSWORD_ZANYANOTACHI,"ざんやのたち"
RUBY_ID_ITEM_EQUIP_TWOHANDEDSWORD_PURACHINABUREDO,"ぷらちなぶれーど"
RUBY_ID_ITEM_EQUIP_TWOHANDEDSWORD_DEMONBASUTA,"でーもんばすたー"
RUBY_ID_ITEM_EQUIP_TWOHANDEDSWORD_DORAGONBASUTA,"どらごんばすたー"
RUBY_ID_ITEM_EQUIP_TWOHANDEDSWORD_KINGUBUREDO,"きんぐぶれーど"
RUBY_ID_ITEM_EQUIP_TWOHANDEDSWORD_TAIGOKUKEN,"たいごくけん"
RUBY_ID_ITEM_EQUIP_TWOHANDEDSWORD_METASURANOTAIKEN,"めたすらのたいけん"
RUBY_ID_ITEM_EQUIP_TWOHANDEDSWORD_TENMANOTAIKEN,"てんまのたいけん"
RUBY_ID_ITEM_EQUIP_TWOHANDEDSWORD_FOSUBUREDO,"ふぉーすぶれーど"
RUBY_ID_ITEM_EQUIP_TWOHANDEDSWORD_SEIOUNOTAIKEN,"せいおうのたいけん"
RUBY_ID_ITEM_EQUIP_TWOHANDEDSWORD_ENPAIABUREDO,"えんぱいあぶれーど"
RUBY_ID_ITEM_EQUIP_TWOHANDEDSWORD_SUISEKINOTAIKEN,"すいせきのたいけん"
RUBY_ID_ITEM_EQUIP_TWOHANDEDSWORD_KEIOSUBUREDO,"けいおすぶれーど"
RUBY_ID_ITEM_EQUIP_KNIFE_BURONZUNAIFU,"ぶろんずないふ"
RUBY_ID_ITEM_EQUIP_KNIFE_SHOSHINSHAYOUNOTANKEN,"しょしんしゃようのたんけん"
RUBY_ID_ITEM_EQUIP_KNIFE_SEINARUNAIFU,"せいなるないふ"
RUBY_ID_ITEM_EQUIP_KNIFE_DOKUGANONAIFU,"どくがのないふ"
RUBY_ID_ITEM_EQUIP_KNIFE_SIBUSUNAIFU,"しーぶすないふ"
RUBY_ID_ITEM_EQUIP_KNIFE_ASASHINDAGA,"あさしんだがー"
RUBY_ID_ITEM_EQUIP_KNIFE_DOKUBARI,"Poison Needle"
RUBY_ID_ITEM_EQUIP_KNIFE_GINNOTANKEN,"ぎんのたんけん"
RUBY_ID_ITEM_EQUIP_KNIFE_IGURUDAGA,"いーぐるだがー"
RUBY_ID_ITEM_EQUIP_KNIFE_KOAKUMANONAIFU,"こあくまのないふ"
RUBY_ID_ITEM_EQUIP_KNIFE_KIRAPIASU,"きらーぴあす"
RUBY_ID_ITEM_EQUIP_KNIFE_YORUNOPAPIYON,"よるのぱぴよん"
RUBY_ID_ITEM_EQUIP_KNIFE_SODOBUREIKA,"そーどぶれいかー"
RUBY_ID_ITEM_EQUIP_KNIFE_KOORINOYAIBA,"Icicle Dirk"
RUBY_ID_ITEM_EQUIP_KNIFE_GURADHIUSU,"ぐらでぃうす"
RUBY_ID_ITEM_EQUIP_KNIFE_BURADDOPIKKU,"ぶらっどぴっく"
RUBY_ID_ITEM_EQUIP_KNIFE_SARAMANDA,"さらまんだー"
RUBY_ID_ITEM_EQUIP_KNIFE_OUKENONAIFU,"おうけのないふ"
RUBY_ID_ITEM_EQUIP_KNIFE_FARUKONDAGA,"ふぁるこんだがー"
RUBY_ID_ITEM_EQUIP_KNIFE_KOGARASINODAGA,"こがらしのだがー"
RUBY_ID_ITEM_EQUIP_KNIFE_SAUZANDODAGA,"さうざんどだがー"
RUBY_ID_ITEM_EQUIP_KNIFE_SEIOUNONAIFU,"せいおうのないふ"
RUBY_ID_ITEM_EQUIP_KNIFE_RAITONINGUDAGA,"らいとにんぐだがー"
RUBY_ID_ITEM_EQUIP_KNIFE_KURISUTARUEJJI,"くりすたるえっじ"
RUBY_ID_ITEM_EQUIP_KNIFE_POINZUNSUKEIRU,"ぽいずんすけいる"
RUBY_ID_ITEM_EQUIP_STICK_RORIENOKOEDA,"ろーりえのこえだ"
RUBY_ID_ITEM_EQUIP_STICK_SHOSHINSHAYOUSUTHIKKU,"しょしんしゃようすてぃっく"
RUBY_ID_ITEM_EQUIP_STICK_PINSUTHIKKU,"ぴんすてぃっく"
RUBY_ID_ITEM_EQUIP_STICK_FURAWASUTHIKKU,"ふらわーすてぃっく"
RUBY_ID_ITEM_EQUIP_STICK_SURAIMUSUTEKKI,"すらいむすてっき"
RUBY_ID_ITEM_EQUIP_STICK_TSUINKURUTAKUTO,"ついんくるたくと"
RUBY_ID_ITEM_EQUIP_STICK_MOMONSUTHIKKU,"もーもんすてぃっく"
RUBY_ID_ITEM_EQUIP_STICK_FEZASUTHIKKU,"ふぇざーすてぃっく"
RUBY_ID_ITEM_EQUIP_STICK_SURATAWASUTEKKI,"すらたわーすてっき"
RUBY_ID_ITEM_EQUIP_STICK_RABURISUTHIKKU,"らぶりーすてぃっく"
RUBY_ID_ITEM_EQUIP_STICK_MAJIKARUSUTHIKKU,"まじかるすてぃっく"
RUBY_ID_ITEM_EQUIP_STICK_MATEKINOSUTHIKKU,"まてきのすてぃっく"
RUBY_ID_ITEM_EQUIP_STICK_MAPORENASUTEKKI,"まぽれーなすてっき"
RUBY_ID_ITEM_EQUIP_STICK_DORAGONSUTHIKKU,"どらごんすてぃっく"
RUBY_ID_ITEM_EQUIP_STICK_PERORINSUTEKKI,"ぺろりんすてっき"
RUBY_ID_ITEM_EQUIP_STICK_PARASORUSUTHIKKU,"ぱらそるすてぃっく"
RUBY_ID_ITEM_EQUIP_STICK_TENSHINOTAKUTO,"てんしのたくと"
RUBY_ID_ITEM_EQUIP_STICK_YUGUDORASHIRU,"ゆぐどらしる"
RUBY_ID_ITEM_EQUIP_STICK_AKUMANOTAKUTO,"あくまのたくと"
RUBY_ID_ITEM_EQUIP_STICK_GOSHIKKUPARASORU,"ごしっくぱらそる"
RUBY_ID_ITEM_EQUIP_STICK_TAITANIASUTEKKI,"たいたにあすてっき"
RUBY_ID_ITEM_EQUIP_STICK_SEIOUNOSUTHIKKU,"せいおうのすてぃっく"
RUBY_ID_ITEM_EQUIP_STICK_HIKARINOTAKUTO,"ひかりのたくと"
RUBY_ID_ITEM_EQUIP_STICK_FANTASUTHIKKU,"ふぁんたすてぃっく"
RUBY_ID_ITEM_EQUIP_STICK_RAKURIMATAKUTO,"らくりまたくと"
RUBY_ID_ITEM_EQUIP_ROD_KASHINOTSUE,"かしのつえ"
RUBY_ID_ITEM_EQUIP_ROD_SHOSHINSHAYOUNORYOUTETSUE,"しょしんしゃようのりょうてつえ"
RUBY_ID_ITEM_EQUIP_ROD_MADOUSHINOTSUE,"まどうしのつえ"
RUBY_ID_ITEM_EQUIP_ROD_SABAKINOTSUE,"さばきのつえ"
RUBY_ID_ITEM_EQUIP_ROD_AMAGUMONOTSUE,"あまぐものつえ"
RUBY_ID_ITEM_EQUIP_ROD_MAHUJINOTSUE,"まふうじのつえ"
RUBY_ID_ITEM_EQUIP_ROD_UMINARINOTSUE,"うみなりのつえ"
RUBY_ID_ITEM_EQUIP_ROD_YOUSEINOTSUE,"ようせいのつえ"
RUBY_ID_ITEM_EQUIP_ROD_IKAZUCHINOTSUE,"いかずちのつえ"
RUBY_ID_ITEM_EQUIP_ROD_PIORANOTSUE,"ぴおらのつえ"
RUBY_ID_ITEM_EQUIP_ROD_MAGUMANOTSUE,"まぐまのつえ"
RUBY_ID_ITEM_EQUIP_ROD_RUNSUTAFFU,"るーんすたっふ"
RUBY_ID_ITEM_EQUIP_ROD_SEIREINOTSUE,"せいれいのつえ"
RUBY_ID_ITEM_EQUIP_ROD_KOORINOTSUE,"こおりのつえ"
RUBY_ID_ITEM_EQUIP_ROD_MAGANNOTSUE,"まがんのつえ"
RUBY_ID_ITEM_EQUIP_ROD_SEIRENNOTSUE,"せいれーんのつえ"
RUBY_ID_ITEM_EQUIP_ROD_FUKUINNOTSUE,"ふくいんのつえ"
RUBY_ID_ITEM_EQUIP_ROD_AKUWANDO,"あーくわんど"
RUBY_ID_ITEM_EQUIP_ROD_KENJYANOTSUE,"けんじゃのつえ"
RUBY_ID_ITEM_EQUIP_ROD_MEGAMINOTSUE,"めがみのつえ"
RUBY_ID_ITEM_EQUIP_ROD_DORAGONNOTSUE,"どらごんのつえ"
RUBY_ID_ITEM_EQUIP_ROD_SEIOUNOTSUE,"せいおうのつえ"
RUBY_ID_ITEM_EQUIP_ROD_HIKARINOTSUE,"ひかりのつえ"
RUBY_ID_ITEM_EQUIP_ROD_FUSISHANOMAJYOU,"ふししゃのまじょう"
RUBY_ID_ITEM_EQUIP_ROD_IRISUNOTSUE,"いーりすのつえ"
RUBY_ID_ITEM_EQUIP_SPEAR_TAKEYARI,"Bamboo Spear"
RUBY_ID_ITEM_EQUIP_SPEAR_SHOSHINSHAYOUNOYARI,"しょしんしゃようのやり"
RUBY_ID_ITEM_EQUIP_SPEAR_RONGUSUPIA,"ろんぐすぴあ"
RUBY_ID_ITEM_EQUIP_SPEAR_SEIDOUNOYARI,"Bronze Lance"
RUBY_ID_ITEM_EQUIP_SPEAR_TETSUNOYARI,"Iron Lance"
RUBY_ID_ITEM_EQUIP_SPEAR_KONOEHEINOYARI,"このえへいのやり"
RUBY_ID_ITEM_EQUIP_SPEAR_HORIRANSU,"ほーりーらんす"
RUBY_ID_ITEM_EQUIP_SPEAR_BATORUFOKU,"ばとるふぉーく"
RUBY_ID_ITEM_EQUIP_SPEAR_HAGANENOYARI,"Steel Lance"
RUBY_ID_ITEM_EQUIP_SPEAR_INAZUMANOYARI,"Lightning Lance"
RUBY_ID_ITEM_EQUIP_SPEAR_PARUCHIZAN,"ぱるちざん"
RUBY_ID_ITEM_EQUIP_SPEAR_GURAKOSUNOYARI,"ぐらこすのやり"
RUBY_ID_ITEM_EQUIP_SPEAR_SAJINNOYARI,"Sandstorm Spear"
RUBY_ID_ITEM_EQUIP_SPEAR_PURACHINANOYARI,"ぷらちなのやり"
RUBY_ID_ITEM_EQUIP_SPEAR_DEMONSUPIA,"でーもんすぴあ"
RUBY_ID_ITEM_EQUIP_SPEAR_RAIJINNOYARI,"Storm Spear"
RUBY_ID_ITEM_EQUIP_SPEAR_EIYUUNOYARI,"Hero Spear"
RUBY_ID_ITEM_EQUIP_SPEAR_OSEANOSUSUPIA,"おせあのすすぴあ"
RUBY_ID_ITEM_EQUIP_SPEAR_METASURANOYARI,"めたすらのやり"
RUBY_ID_ITEM_EQUIP_SPEAR_SEIKISHINOYARI,"せいきしのやり"
RUBY_ID_ITEM_EQUIP_SPEAR_KISHINNOMASOU,"Poker"
RUBY_ID_ITEM_EQUIP_SPEAR_SEIOUNOYARI,"せいおうのやり"
RUBY_ID_ITEM_EQUIP_SPEAR_SERAFIMUNOYARI,"せらふぃむのやり"
RUBY_ID_ITEM_EQUIP_SPEAR_ATENANOSEISOU,"あてなのせいそう"
RUBY_ID_ITEM_EQUIP_SPEAR_BURADDOSUPIA,"ぶらっどすぴあー"
RUBY_ID_ITEM_EQUIP_AXE_DOUNOONO,"どうのおの"
RUBY_ID_ITEM_EQUIP_AXE_SHOSHINSHAYOUNOONO,"しょしんしゃようのおの"
RUBY_ID_ITEM_EQUIP_AXE_SEIDOUNOONO,"せいどうのおの"
RUBY_ID_ITEM_EQUIP_AXE_SANZOKUNOONO,"さんぞくのおの"
RUBY_ID_ITEM_EQUIP_AXE_RAITOAKKUSU,"らいとあっくす"
RUBY_ID_ITEM_EQUIP_AXE_TETSUNOONO,"てつのおの"
RUBY_ID_ITEM_EQUIP_AXE_BATORUAKKUSU,"ばとるあっくす"
RUBY_ID_ITEM_EQUIP_AXE_SHIRUBAAKKUSU,"しるばーあっくす"
RUBY_ID_ITEM_EQUIP_AXE_HAGANENOONO,"はがねのおの"
RUBY_ID_ITEM_EQUIP_AXE_KARUSADORAAKKUSU,"かるさどらあっくす"
RUBY_ID_ITEM_EQUIP_AXE_MUNAKKUSU,"むーんあっくす"
RUBY_ID_ITEM_EQUIP_AXE_TATSUJINNOONO,"たつじんのおの"
RUBY_ID_ITEM_EQUIP_AXE_KINGUAKKUSU,"きんぐあっくす"
RUBY_ID_ITEM_EQUIP_AXE_EKURIPUSUAKKUSU,"えくりぷすあっくす"
RUBY_ID_ITEM_EQUIP_AXE_SHAMANAKKUSU,"しゃーまんあっくす"
RUBY_ID_ITEM_EQUIP_AXE_FUBUKINOONO,"ふぶきのおの"
RUBY_ID_ITEM_EQUIP_AXE_KAIZAAKKUSU,"かいざーあっくす"
RUBY_ID_ITEM_EQUIP_AXE_DESUTOROIYA,"ですとろいやー"
RUBY_ID_ITEM_EQUIP_AXE_HASHANOONO,"はしゃのおの"
RUBY_ID_ITEM_EQUIP_AXE_GURETOAKKUSU,"ぐれーとあっくす"
RUBY_ID_ITEM_EQUIP_AXE_FUNSAINOOONATA,"Heavy Hatchet"
RUBY_ID_ITEM_EQUIP_AXE_SEIOUNOONO,"せいおうのおの"
RUBY_ID_ITEM_EQUIP_AXE_APORONNOONO,"あぽろんのおの"
RUBY_ID_ITEM_EQUIP_AXE_DYUKUAKKUSU,"でゅーくあっくす"
RUBY_ID_ITEM_EQUIP_AXE_VARANGAAKKUSU,"うぁらんがあっくす"
RUBY_ID_ITEM_EQUIP_CLUB_MONOHOSHIZAO,"Laundry Pole"
RUBY_ID_ITEM_EQUIP_CLUB_SHOSHINSHAYOUNOKON,"しょしんしゃようのこん"
RUBY_ID_ITEM_EQUIP_CLUB_TENBINBOU,"Carrying Pole"
RUBY_ID_ITEM_EQUIP_CLUB_KASHINOKON,"Oaken Pole"
RUBY_ID_ITEM_EQUIP_CLUB_ROKKAKUBOU,"ろっかくぼう"
RUBY_ID_ITEM_EQUIP_CLUB_GYOUJYANOKON,"Ascetic Rod"
RUBY_ID_ITEM_EQUIP_CLUB_SEREMONIRODDO,"せれもにーろっど"
RUBY_ID_ITEM_EQUIP_CLUB_ENBUNOKON,"Driller Pillar"
RUBY_ID_ITEM_EQUIP_CLUB_MADOROMINOKON,"Sleepy Stick"
RUBY_ID_ITEM_EQUIP_CLUB_SUPAIKURODDO,"すぱいくろっど"
RUBY_ID_ITEM_EQUIP_CLUB_KURASSHURODDO,"くらっしゅろっど"
RUBY_ID_ITEM_EQUIP_CLUB_REINIRODDO,"れいにーろっど"
RUBY_ID_ITEM_EQUIP_CLUB_RASETSUNOKON,"Taming Rod"
RUBY_ID_ITEM_EQUIP_CLUB_ROUGABOU,"Sadistick"
RUBY_ID_ITEM_EQUIP_CLUB_YASHANOKON,"Slaying Rod"
RUBY_ID_ITEM_EQUIP_CLUB_DORAGONRODDO,"どらごんろっど"
RUBY_ID_ITEM_EQUIP_CLUB_NICHIRINNOKON,"Solar Rod"
RUBY_ID_ITEM_EQUIP_CLUB_HAKUJYANOKON,"はくじゃのこん"
RUBY_ID_ITEM_EQUIP_CLUB_NAGEKINOKON,"Rod of Mourning"
RUBY_ID_ITEM_EQUIP_CLUB_SHURANOKON,"Knockout Rod"
RUBY_ID_ITEM_EQUIP_CLUB_SHENRONRODDO,"しぇんろんろっど"
RUBY_ID_ITEM_EQUIP_CLUB_SEIOUNOKON,"せいおうのこん"
RUBY_ID_ITEM_EQUIP_CLUB_ONMYOUDOUNOKON,"おんみょうどうのこん"
RUBY_ID_ITEM_EQUIP_CLUB_APOKARIPUSU,"あぽかりぷす"
RUBY_ID_ITEM_EQUIP_CLUB_DEMONRODDO,"でーもんろっど"
RUBY_ID_ITEM_EQUIP_CLAW_DOUNOTSUME,"どうのつめ"
RUBY_ID_ITEM_EQUIP_CLAW_SHOSHINSHAYOUNOTSUME,"しょしんしゃようのつめ"
RUBY_ID_ITEM_EQUIP_CLAW_KYATTOKURO,"きゃっとくろー"
RUBY_ID_ITEM_EQUIP_CLAW_SEIDOUNOTSUME,"せいどうのつめ"
RUBY_ID_ITEM_EQUIP_CLAW_TETSUNOTSUME,"てつのつめ"
RUBY_ID_ITEM_EQUIP_CLAW_MAYOKENOTSUME,"まよけのつめ"
RUBY_ID_ITEM_EQUIP_CLAW_SHIRUBAKURO,"しるばーくろー"
RUBY_ID_ITEM_EQUIP_CLAW_KOAKUMANEIRU,"こあくまねいる"
RUBY_ID_ITEM_EQUIP_CLAW_HAGANENOTSUME,"はがねのつめ"
RUBY_ID_ITEM_EQUIP_CLAW_KUROHYOUNOTSUME,"くろひょうのつめ"
RUBY_ID_ITEM_EQUIP_CLAW_HAYABUSANOTSUME,"はやぶさのつめ"
RUBY_ID_ITEM_EQUIP_CLAW_HONOONOTSUME,"ほのおのつめ"
RUBY_ID_ITEM_EQUIP_CLAW_KOORINOTSUME,"こおりのつめ"
RUBY_ID_ITEM_EQUIP_CLAW_DORAGONKURO,"どらごんくろー"
RUBY_ID_ITEM_EQUIP_CLAW_AKUMANOTSUME,"あくまのつめ"
RUBY_ID_ITEM_EQUIP_CLAW_PURACHINAKURO,"ぷらちなくろー"
RUBY_ID_ITEM_EQUIP_CLAW_MAJYUUNOTSUME,"まじゅうのつめ"
RUBY_ID_ITEM_EQUIP_CLAW_KOBUDOUNOTSUME,"こぶどうのつめ"
RUBY_ID_ITEM_EQUIP_CLAW_FARUKONKURO,"ふぁるこんくろー"
RUBY_ID_ITEM_EQUIP_CLAW_MEIJYUUNOTSUME,"めいじゅうのつめ"
RUBY_ID_ITEM_EQUIP_CLAW_RYUUOUNOTSUME,"りゅうおうのつめ"
RUBY_ID_ITEM_EQUIP_CLAW_SEIOUNOTSUME,"せいおうのつめ"
RUBY_ID_ITEM_EQUIP_CLAW_KURISUTARUKURO,"くりすたるくろー"
RUBY_ID_ITEM_EQUIP_CLAW_KYAPUTENKURO,"きゃぷてんくろー"
RUBY_ID_ITEM_EQUIP_CLAW_SOUENNOTSUME,"そうえんのつめ"
RUBY_ID_ITEM_EQUIP_WHIP_KAWANOMUCHI,"かわのむち"
RUBY_ID_ITEM_EQUIP_WHIP_SHOSHINSHAYOUNOMUCHI,"しょしんしゃようのむち"
RUBY_ID_ITEM_EQUIP_WHIP_IBARANOMUCHI,"いばらのむち"
RUBY_ID_ITEM_EQUIP_WHIP_BATORURIBON,"ばとるりぼん"
RUBY_ID_ITEM_EQUIP_WHIP_HEBIGAWANOMUCHI,"へびがわのむち"
RUBY_ID_ITEM_EQUIP_WHIP_TETSUNOMUCHI,"てつのむち"
RUBY_ID_ITEM_EQUIP_WHIP_ROZUULIPPU,"ろーずうぃっぷ"
RUBY_ID_ITEM_EQUIP_WHIP_MONINGUSUTA,"もーにんぐすたー"
RUBY_ID_ITEM_EQUIP_WHIP_PAISONULIPPU,"ぱいそんうぃっぷ"
RUBY_ID_ITEM_EQUIP_WHIP_HAGANENOMUCHI,"はがねのむち"
RUBY_ID_ITEM_EQUIP_WHIP_BISUTOULIPPU,"びーすとうぃっぷ"
RUBY_ID_ITEM_EQUIP_WHIP_SAIDOWAINDA,"さいどわいんだー"
RUBY_ID_ITEM_EQUIP_WHIP_MIWAKUNORIBON,"みわくのりぼん"
RUBY_ID_ITEM_EQUIP_WHIP_DORAGONTEIRU,"どらごんている"
RUBY_ID_ITEM_EQUIP_WHIP_SUKOPIONTEIRU,"すこーぴおんている"
RUBY_ID_ITEM_EQUIP_WHIP_BASUTAULIPPU,"ばすたーうぃっぷ"
RUBY_ID_ITEM_EQUIP_WHIP_AKUMANOMUCHI,"あくまのむち"
RUBY_ID_ITEM_EQUIP_WHIP_KARUBEROBYUTO,"かるべろびゅーと"
RUBY_ID_ITEM_EQUIP_WHIP_JYOUOUNOMUCHI,"じょおうのむち"
RUBY_ID_ITEM_EQUIP_WHIP_SAPENTOULIPPU,"さーぺんとうぃっぷ"
RUBY_ID_ITEM_EQUIP_WHIP_MAJINNOMUCHI,"まじんのむち"
RUBY_ID_ITEM_EQUIP_WHIP_SEIOUNOMUCHI,"せいおうのむち"
RUBY_ID_ITEM_EQUIP_WHIP_TORAIDENTOTEIRU,"とらいでんとている"
RUBY_ID_ITEM_EQUIP_WHIP_VOIDOANKA,"うぉいどあんかー"
RUBY_ID_ITEM_EQUIP_WHIP_FURIZUULIPPU,"ふりーずうぃっぷ"
RUBY_ID_ITEM_EQUIP_FAN_SHIRAGINOOUGI,"しらぎのおうぎ"
RUBY_ID_ITEM_EQUIP_FAN_SHOSHINSHAYOUNOOUGI,"しょしんしゃようのおうぎ"
RUBY_ID_ITEM_EQUIP_FAN_HANEOUGI,"Feather Fan"
RUBY_ID_ITEM_EQUIP_FAN_BATORUFAN,"ばとるふぁん"
RUBY_ID_ITEM_EQUIP_FAN_TETSUNOOUGI,"Iron Fan"
RUBY_ID_ITEM_EQUIP_FAN_KAMENOOUGI,"かめのおうぎ"
RUBY_ID_ITEM_EQUIP_FAN_TORINOOUGI,"とりのおうぎ"
RUBY_ID_ITEM_EQUIP_FAN_NANAHOSHINOOUGI,"ななほしのおうぎ"
RUBY_ID_ITEM_EQUIP_FAN_KUJYAKUNOOUGI,"Peacock Fan"
RUBY_ID_ITEM_EQUIP_FAN_NEKONOOUGI,"ねこのおうぎ"
RUBY_ID_ITEM_EQUIP_FAN_HEBINOOUGI,"Cobra Fan"
RUBY_ID_ITEM_EQUIP_FAN_MAJIKKUFAN,"まじっくふぁん"
RUBY_ID_ITEM_EQUIP_FAN_HOSHINOOUGI,"ほしのおうぎ"
RUBY_ID_ITEM_EQUIP_FAN_MASHOUNOOUGI,"Devilish Fan"
RUBY_ID_ITEM_EQUIP_FAN_REINBOFAN,"れいんぼーふぁん"
RUBY_ID_ITEM_EQUIP_FAN_TSUKINOOUGI,"つきのおうぎ"
RUBY_ID_ITEM_EQUIP_FAN_BASHOUSEN,"Frond Fan"
RUBY_ID_ITEM_EQUIP_FAN_TAIYOUNOOUGI,"Solar Fan"
RUBY_ID_ITEM_EQUIP_FAN_TENKATAIHEI,"てんかたいへい"
RUBY_ID_ITEM_EQUIP_FAN_HISSATSUNOOUGI,"Critical Fan"
RUBY_ID_ITEM_EQUIP_FAN_FUURINKAZAN,"ふうりんかざん"
RUBY_ID_ITEM_EQUIP_FAN_SEIOUNOOUGI,"せいおうのおうぎ"
RUBY_ID_ITEM_EQUIP_FAN_KAREIDOSUKOPU,"かれいどすこーぷ"
RUBY_ID_ITEM_EQUIP_FAN_HARUJION,"はるじおん"
RUBY_ID_ITEM_EQUIP_FAN_SEIRANNOOUGI,"せいらんのおうぎ"
RUBY_ID_ITEM_EQUIP_HAMMER_KONBOU,"Oaken Club"
RUBY_ID_ITEM_EQUIP_HAMMER_SHOSHINSHAYOUNOHANMA,"しょしんしゃようのはんまー"
RUBY_ID_ITEM_EQUIP_HAMMER_OOKIDUCHI,"Giant Mallet"
RUBY_ID_ITEM_EQUIP_HAMMER_SEIDOUNOKANADUCHI,"Bronze Hammer"
RUBY_ID_ITEM_EQUIP_HAMMER_OOKANADUCH,"Sledgehammer"
RUBY_ID_ITEM_EQUIP_HAMMER_TETSUNOKANABOU,"Iron Club"
RUBY_ID_ITEM_EQUIP_HAMMER_ULOHANMA,"うぉーはんまー"
RUBY_ID_ITEM_EQUIP_HAMMER_GINNOKANADUCHI,"Silver Hammer"
RUBY_ID_ITEM_EQUIP_HAMMER_HAGANENOKANADUCHI,"Steel Hammer"
RUBY_ID_ITEM_EQUIP_HAMMER_BATORUSUTANPA,"ばとるすたんぱー"
RUBY_ID_ITEM_EQUIP_HAMMER_ONINOKANABOU,"Marauder's Maul"
RUBY_ID_ITEM_EQUIP_HAMMER_BONKURASSHA,"ぼーんくらっしゃー"
RUBY_ID_ITEM_EQUIP_HAMMER_MAJIKKUTONKACHI,"まじっくとんかち"
RUBY_ID_ITEM_EQUIP_HAMMER_BORUKANOHANMA,"ぼるかのはんまー"
RUBY_ID_ITEM_EQUIP_HAMMER_TSUNDORAHANMA,"つんどらはんまー"
RUBY_ID_ITEM_EQUIP_HAMMER_PURACHINAHANMA,"ぷらちなはんまー"
RUBY_ID_ITEM_EQUIP_HAMMER_GURETOHANMA,"ぐれーとはんまー"
RUBY_ID_ITEM_EQUIP_HAMMER_KYOJINNOHANMA,"きょじんのはんまー"
RUBY_ID_ITEM_EQUIP_HAMMER_MEGATONHANMA,"めがとんはんまー"
RUBY_ID_ITEM_EQUIP_HAMMER_GODONHANMA,"ごーどんはんまー"
RUBY_ID_ITEM_EQUIP_HAMMER_MAJINNOKANADUCHI,"Hela's Hammer"
RUBY_ID_ITEM_EQUIP_HAMMER_SEIOUNOHANMA,"せいおうのはんまー"
RUBY_ID_ITEM_EQUIP_HAMMER_DAICHIKUDAKI,"だいちくだき"
RUBY_ID_ITEM_EQUIP_HAMMER_BARETTOHANMA,"ばれっとはんまー"
RUBY_ID_ITEM_EQUIP_HAMMER_TENSHINOTETTSUI,"てんしのてっつい"
RUBY_ID_ITEM_EQUIP_BOOMERANG_KASHINOBUMERAN,"かしのぶーめらん"
RUBY_ID_ITEM_EQUIP_BOOMERANG_SHOSHINSHAYOUNOBUMERAN,"しょしんしゃようぶーめらん"
RUBY_ID_ITEM_EQUIP_BOOMERANG_YAIBANOBUMERAN,"やいばのぶーめらん"
RUBY_ID_ITEM_EQUIP_BOOMERANG_BURONZUBUMERAN,"ぶろんずぶーめらん"
RUBY_ID_ITEM_EQUIP_BOOMERANG_KUROSUBUMERAN,"くろすぶーめらん"
RUBY_ID_ITEM_EQUIP_BOOMERANG_AIANULINGU,"あいあんうぃんぐ"
RUBY_ID_ITEM_EQUIP_BOOMERANG_ULINGUEJJI,"ういんぐえっじ"
RUBY_ID_ITEM_EQUIP_BOOMERANG_SHIRUBASAKURU,"しるばーさーくる"
RUBY_ID_ITEM_EQUIP_BOOMERANG_KAZENOBUMERAN,"かぜのぶーめらん"
RUBY_ID_ITEM_EQUIP_BOOMERANG_HAGANENOBUMERAN,"はがねのぶーめらん"
RUBY_ID_ITEM_EQUIP_BOOMERANG_TSUINSUWARO,"ついんすわろー"
RUBY_ID_ITEM_EQUIP_BOOMERANG_NINJYAKATTA,"にんじゃかったー"
RUBY_ID_ITEM_EQUIP_BOOMERANG_MAJIKKUCHAKURAMU,"まじっくちゃくらむ"
RUBY_ID_ITEM_EQUIP_BOOMERANG_HONOONOBUMERAN,"ほのおのぶーめらん"
RUBY_ID_ITEM_EQUIP_BOOMERANG_KOORINOBUMERAN,"こおりのぶーめらん"
RUBY_ID_ITEM_EQUIP_BOOMERANG_PURACHINAULINGU,"ぷらちなうぃんぐ"
RUBY_ID_ITEM_EQUIP_BOOMERANG_BURAKKUKONDORU,"ぶらっくこんどる"
RUBY_ID_ITEM_EQUIP_BOOMERANG_SAZANKUROSU,"さざんくろす"
RUBY_ID_ITEM_EQUIP_BOOMERANG_PENTAGURAMU,"ぺんたぐらむ"
RUBY_ID_ITEM_EQUIP_BOOMERANG_METARUULINGU,"めたるうぃんぐ"
RUBY_ID_ITEM_EQUIP_BOOMERANG_METEOEJJI,"めておえっじ"
RUBY_ID_ITEM_EQUIP_BOOMERANG_SEIOUNOBUMERAN,"せいおうのぶーめらん"
RUBY_ID_ITEM_EQUIP_BOOMERANG_BURUFARUKON,"ぶるーふぁるこん"
RUBY_ID_ITEM_EQUIP_BOOMERANG_DAKUSUTA,"だーくすたー"
RUBY_ID_ITEM_EQUIP_BOOMERANG_TORAICHAKURAMU,"とらいちゃくらむ"
RUBY_ID_ITEM_EQUIP_BOW_AOTAKENOYUMI,"あおたけのゆみ"
RUBY_ID_ITEM_EQUIP_BOW_SHOSHINSHAYOUNOYUMI,"しょしんしゃようのゆみ"
RUBY_ID_ITEM_EQUIP_BOW_WAKAGINOYUMI,"わかぎのゆみ"
RUBY_ID_ITEM_EQUIP_BOW_KOBOKUNOYUMI,"こぼくのゆみ"
RUBY_ID_ITEM_EQUIP_BOW_SHITANNOYUMI,"したんのゆみ"
RUBY_ID_ITEM_EQUIP_BOW_RONGUBOU,"ろんぐぼう"
RUBY_ID_ITEM_EQUIP_BOW_KARIUDONOYUMI,"かりうどのゆみ"
RUBY_ID_ITEM_EQUIP_BOW_KOAKUMANOYUMI,"こあくまのゆみ"
RUBY_ID_ITEM_EQUIP_BOW_EROSUNOYUMI,"えろすのゆみ"
RUBY_ID_ITEM_EQUIP_BOW_KAZEKIRINOYUMI,"かぜきりのゆみ"
RUBY_ID_ITEM_EQUIP_BOW_YUUWAKUNOYUMI,"ゆうわくのゆみ"
RUBY_ID_ITEM_EQUIP_BOW_GEKKOUNOYUMI,"げっこうのゆみ"
RUBY_ID_ITEM_EQUIP_BOW_HAKUCHOUNOYUMI,"はくちょうのゆみ"
RUBY_ID_ITEM_EQUIP_BOW_NAITOSUNAIPA,"ないとすないぱー"
RUBY_ID_ITEM_EQUIP_BOW_SUZAKUNOYUMI,"すざくのゆみ"
RUBY_ID_ITEM_EQUIP_BOW_MUGENNOYUMI,"むげんのゆみ"
RUBY_ID_ITEM_EQUIP_BOW_ARUTEMISUNOYUMI,"あるてみすのゆみ"
RUBY_ID_ITEM_EQUIP_BOW_KEIRONNOYUMI,"けいろんのゆみ"
RUBY_ID_ITEM_EQUIP_BOW_JIGOKUNOYUMI,"じごくのゆみ"
RUBY_ID_ITEM_EQUIP_BOW_BAJIRISUKUNOYUMI,"ばじりすくのゆみ"
RUBY_ID_ITEM_EQUIP_BOW_TENSHINOYUMI,"てんしのゆみ"
RUBY_ID_ITEM_EQUIP_BOW_SEIOUNOYUMISE,"せいおうのゆみ"
RUBY_ID_ITEM_EQUIP_BOW_ODHINBOU,"おーでぃーんぼう"
RUBY_ID_ITEM_EQUIP_BOW_ORUFEUSUNOYUMI,"おるふぇうすのゆみ"
RUBY_ID_ITEM_EQUIP_BOW_ANFISUBAENA,"あんふぃすばえな"
RUBY_ID_ITEM_EQUIP_SHIELD_KAWANOTATE,"かわのたて"
RUBY_ID_ITEM_EQUIP_SHIELD_UROKONOTATE,"うろこのたて"
RUBY_ID_ITEM_EQUIP_SHIELD_SEIDOUNOTATE,"せいどうのたて"
RUBY_ID_ITEM_EQUIP_SHIELD_RAITOBAKKURA,"らいとばっくらー"
RUBY_ID_ITEM_EQUIP_SHIELD_SURAIMUTOREI,"すらいむとれい"
RUBY_ID_ITEM_EQUIP_SHIELD_SIRUBATOREI,"しるばーとれい"
RUBY_ID_ITEM_EQUIP_SHIELD_KOZOUBAKKURA,"こぞうばっくらー"
RUBY_ID_ITEM_EQUIP_SHIELD_HOWAITOBAKKURA,"ほわいとばっくらー"
RUBY_ID_ITEM_EQUIP_SHIELD_SURAIMUBESUTOREI,"すらいむべすとれい"
RUBY_ID_ITEM_EQUIP_SHIELD_MAHOUNOTATE,"まほうのたて"
RUBY_ID_ITEM_EQUIP_SHIELD_FUUMANOTATE,"ふうまのたて"
RUBY_ID_ITEM_EQUIP_SHIELD_KAITOBAKKURA,"かいとばっくらー"
RUBY_ID_ITEM_EQUIP_SHIELD_PURACHINATOREI,"ぷらちなとれい"
RUBY_ID_ITEM_EQUIP_SHIELD_RUFUNOTATE,"るふのたて"
RUBY_ID_ITEM_EQUIP_SHIELD_ONIGUMONOTATE,"おにぐものたて"
RUBY_ID_ITEM_EQUIP_SHIELD_RUNBAKKURA,"るーんばっくらー"
RUBY_ID_ITEM_EQUIP_SHIELD_MIKAGAMINOTATE,"みかがみのたて"
RUBY_ID_ITEM_EQUIP_SHIELD_METASURANOTATE,"めたすらのたて"
RUBY_ID_ITEM_EQUIP_SHIELD_SEIOUNOTATE,"せいおうのたて"
RUBY_ID_ITEM_EQUIP_SHIELD_SEIJYONOTATE,"せいじょのたて"
RUBY_ID_ITEM_EQUIP_SHIELD_KASHINOOOTATE,"かしのおおたて"
RUBY_ID_ITEM_EQUIP_SHIELD_TETSUNOOOTATE,"てつのおおたて"
RUBY_ID_ITEM_EQUIP_SHIELD_HAGANENOOOTATE,"はがねのおおたて"
RUBY_ID_ITEM_EQUIP_SHIELD_SENSHINOOOTATE,"せんしのおおたて"
RUBY_ID_ITEM_EQUIP_SHIELD_PURACHINASHIRUDO,"ぷらちなしーるど"
RUBY_ID_ITEM_EQUIP_SHIELD_DORAGONSHIRUDO,"どらごんしーるど"
RUBY_ID_ITEM_EQUIP_SHIELD_OYABUNNOOOTATE,"おやぶんのおおたて"
RUBY_ID_ITEM_EQUIP_SHIELD_SEIKISHINOOOTATE,"せいきしのおおたて"
RUBY_ID_ITEM_EQUIP_SHIELD_OGASHIRUDO,"おーがしーるど"
RUBY_ID_ITEM_EQUIP_SHIELD_JYAGANNOOOTATE,"じゃがんのおおたて"
RUBY_ID_ITEM_EQUIP_SHIELD_SEIOUNOOOTATE,"せいおうのおおたて"
RUBY_ID_ITEM_EQUIP_SHIELD_URUBEANOOOTATE,"うるべあのおおたて"
RUBY_ID_ITEM_EQUIP_SHIELD_ZERESUTAITONOOOTATE,"ぜれすたいとのおおたて"
RUBY_ID_ITEM_EQUIP_SHIELD_ROTONOTATE,"ろとのたて"
RUBY_ID_ITEM_EQUIP_FISHROD_JYOUBUNATSURIZAO,"じょうぶなつりざお"
RUBY_ID_ITEM_EQUIP_FISHROD_KIREINATSURIZAO,"きれいなつりざお"
RUBY_ID_ITEM_EQUIP_FISHROD_HONOONOTSURIZAO,"ほのおのつりざお"
RUBY_ID_ITEM_EQUIP_FISHROD_KOORINOTSURIZAO,"こおりのつりざお"
RUBY_ID_ITEM_EQUIP_FISHROD_YAMINOTSURIZAO,"やみのつりざお"
RUBY_ID_ITEM_EQUIP_FISHROD_KISEKINOTSURIZAO,"きせきのつりざお"
RUBY_ID_ITEM_EQUIP_LURE_GINNORUA,"ぎんのるあー"
RUBY_ID_ITEM_EQUIP_LURE_PURACHINARUA,"ぷらちなるあー"
RUBY_ID_ITEM_EQUIP_LURE_MADYURAITORUA,"までゅらいとるあー"
RUBY_ID_ITEM_EQUIP_LURE_TENSHINORUA,"てんしのるあー"
RUBY_ID_ITEM_EQUIP_LURE_TOGETOGERUA,"とげとげるあー"
RUBY_ID_ITEM_EQUIP_LURE_YAIBANORUA,"やいばのるあー"
EXPLANATION_ID_ITEM_EQUIP_ONEHANDEDSWORD_DOUNOTSURUGI,"銅で作られた<lf>ありきたりな剣"
EXPLANATION_ID_ITEM_EQUIP_ONEHANDEDSWORD_ETENENOKEN,"エテーネの村に<lf>伝わる<lf>シンプルな剣"
EXPLANATION_ID_ITEM_EQUIP_ONEHANDEDSWORD_SHOSHINSHAYOUNOKATATEKEN,"新米冒険者が<lf>身につける<lf>シンプルな片手剣"
EXPLANATION_ID_ITEM_EQUIP_ONEHANDEDSWORD_REIPIA,"細身に作られた<lf>おしゃれな剣"
EXPLANATION_ID_ITEM_EQUIP_ONEHANDEDSWORD_SEIDOUNOTSURUGI,"青銅で作られた<lf>シンプルな剣"
EXPLANATION_ID_ITEM_EQUIP_ONEHANDEDSWORD_TETSUNOTSURUGI,"鉄で作られた<lf>使いやすい剣"
EXPLANATION_ID_ITEM_EQUIP_ONEHANDEDSWORD_SANZOKUNOSABERU,"山賊がよく使う<lf>シンプルな形の<lf>サーベル"
EXPLANATION_ID_ITEM_EQUIP_ONEHANDEDSWORD_BASUTADOSODO,"一人前の冒険者が<lf>よく使う<lf>切れ味するどい剣"
EXPLANATION_ID_ITEM_EQUIP_ONEHANDEDSWORD_GINNOREIPIA,"銀で作られた<lf>かっこいい<lf>細身の剣"
EXPLANATION_ID_ITEM_EQUIP_ONEHANDEDSWORD_HAGANENOTSURUGI,"はがねで作られた<lf>重厚感のある<lf>本格的な剣"
EXPLANATION_ID_ITEM_EQUIP_ONEHANDEDSWORD_ULESUTANREIPIA,"細身に作られた<lf>開拓精神あふれる<lf>イカした剣"
EXPLANATION_ID_ITEM_EQUIP_ONEHANDEDSWORD_HAJYANOTSURUGI,"戦闘中に使うと<lf>地を這う炎が<lf>敵を焼き尽くす剣"
EXPLANATION_ID_ITEM_EQUIP_ONEHANDEDSWORD_SENSHINOKEN,"戦士のために<lf>作られた<lf>シャープな剣"
EXPLANATION_ID_ITEM_EQUIP_ONEHANDEDSWORD_HAYABUSANOKEN,"すばやく<lf>２回攻撃できる<lf>不思議な剣"
EXPLANATION_ID_ITEM_EQUIP_ONEHANDEDSWORD_MAKENSHINOREIPIA,"赤い刀身が<lf>人目を惹きつける<lf>細身の剣"
EXPLANATION_ID_ITEM_EQUIP_ONEHANDEDSWORD_DORAGONKIRA,"ドラゴン系の敵に<lf>めっぽう強い<lf>たのもしい剣"
EXPLANATION_ID_ITEM_EQUIP_ONEHANDEDSWORD_PURACHINASODO,"プラチナで鍛えた<lf>美しく<lf>高硬度を誇る剣"
EXPLANATION_ID_ITEM_EQUIP_ONEHANDEDSWORD_ZONBIKIRA,"ゾンビ系の魔物に<lf>めっぽう強い<lf>聖なる剣"
EXPLANATION_ID_ITEM_EQUIP_ONEHANDEDSWORD_HONOONOTSURUGI,"炎の魔力を<lf>みなぎらせる<lf>猛々しい剣"
EXPLANATION_ID_ITEM_EQUIP_ONEHANDEDSWORD_KISEKINOTSURUGI,"攻撃するたび<lf>キズをいやす<lf>神々しい剣"
EXPLANATION_ID_ITEM_EQUIP_ONEHANDEDSWORD_METASURANOKEN,"メタル系の魔物を<lf>倒しやすい<lf>とても硬い剣"
EXPLANATION_ID_ITEM_EQUIP_ONEHANDEDSWORD_ONIKISUNOMAKEN,"装備すると<lf>最大ＭＰが増える<lf>妖気ただよう剣"
EXPLANATION_ID_ITEM_EQUIP_ONEHANDEDSWORD_HOSHIKUZUNOTSURUGI,"斬りつけた相手の<lf>守備力を下げる<lf>星をも斬り裂く剣"
EXPLANATION_ID_ITEM_EQUIP_ONEHANDEDSWORD_SEIOUNOTSURUGI,"聖なる力を秘めた<lf>ドラゴン系の敵を<lf>斬り裂く剣"
EXPLANATION_ID_ITEM_EQUIP_ONEHANDEDSWORD_RAITONINGUSODO,"雷の力を宿した<lf>青くかがやく<lf>超硬度の剣"
EXPLANATION_ID_ITEM_EQUIP_ONEHANDEDSWORD_MEITOUZANTETSUMARU,"時々斬った相手の<lf>守備力を下げる<lf>切れ味するどい刀"
EXPLANATION_ID_ITEM_EQUIP_ONEHANDEDSWORD_TENMEINOTSURUGI,"斬りつけた相手の<lf>攻撃力を下げる<lf>神々に愛されし剣"
EXPLANATION_ID_ITEM_EQUIP_ONEHANDEDSWORD_ROTONOTSURUGI,"勇者ロトが<lf>使ったという<lf>伝説の剣"
EXPLANATION_ID_ITEM_EQUIP_TWOHANDEDSWORD_DOUNOTAIKEN,"銅で作られた<lf>両手用の大剣"
EXPLANATION_ID_ITEM_EQUIP_TWOHANDEDSWORD_SHOSHINSHAYOUNORYOUTEKEN,"新米冒険者が<lf>身につける<lf>シンプルな大剣"
EXPLANATION_ID_ITEM_EQUIP_TWOHANDEDSWORD_BIGGUBUREDO,"剣士のために<lf>作られた<lf>両手用の大剣"
EXPLANATION_ID_ITEM_EQUIP_TWOHANDEDSWORD_SEIDOUNOTAIKEN,"青銅で作られた<lf>両手用の大剣"
EXPLANATION_ID_ITEM_EQUIP_TWOHANDEDSWORD_TETSUNOTAIKEN,"鉄で作られた<lf>使いやすい大剣"
EXPLANATION_ID_ITEM_EQUIP_TWOHANDEDSWORD_BIGGUBUREDOTWO,"王宮の騎士が<lf>愛用する<lf>立派な大剣"
EXPLANATION_ID_ITEM_EQUIP_TWOHANDEDSWORD_SHADOUEJJI,"黒光りする刃で<lf>しなやかに<lf>敵を斬る大剣"
EXPLANATION_ID_ITEM_EQUIP_TWOHANDEDSWORD_OOBASAMI,"はさみのように<lf>敵をとらえて<lf>攻撃する大剣"
EXPLANATION_ID_ITEM_EQUIP_TWOHANDEDSWORD_HAGANENOTAIKEN,"はがねで作られた<lf>重厚感のある<lf>本格的な大剣"
EXPLANATION_ID_ITEM_EQUIP_TWOHANDEDSWORD_TAIMANOTACHI,"異国から伝わった<lf>悪魔系に強い<lf>大振りの刀"
EXPLANATION_ID_ITEM_EQUIP_TWOHANDEDSWORD_BURADDOEJJI,"相手の呪文を<lf>たまに封じる<lf>色あざやかな大剣"
EXPLANATION_ID_ITEM_EQUIP_TWOHANDEDSWORD_KURESENTOEJJI,"斬りつけた相手を<lf>たまにマヒさせる<lf>三日月型の大剣"
EXPLANATION_ID_ITEM_EQUIP_TWOHANDEDSWORD_ZANYANOTACHI,"光のチカラを宿す<lf>切れ味するどい<lf>古風な太刀"
EXPLANATION_ID_ITEM_EQUIP_TWOHANDEDSWORD_PURACHINABUREDO,"プラチナで鍛えた<lf>美しく<lf>高硬度を誇る大剣"
EXPLANATION_ID_ITEM_EQUIP_TWOHANDEDSWORD_DEMONBASUTA,"悪魔系の魔物に<lf>めっぽう強い<lf>聖なる大剣"
EXPLANATION_ID_ITEM_EQUIP_TWOHANDEDSWORD_DORAGONBASUTA,"ドラゴン系の敵に<lf>めっぽう強い<lf>竜殺しの大剣"
EXPLANATION_ID_ITEM_EQUIP_TWOHANDEDSWORD_KINGUBUREDO,"敵の士気を下げ<lf>会心の一撃が<lf>出やすくなる大剣"
EXPLANATION_ID_ITEM_EQUIP_TWOHANDEDSWORD_TAIGOKUKEN,"じごくの炎の力で<lf>敵をせんめつする<lf>赤刃の大剣"
EXPLANATION_ID_ITEM_EQUIP_TWOHANDEDSWORD_METASURANOTAIKEN,"メタル系の魔物を<lf>倒しやすい<lf>とても硬い大剣"
EXPLANATION_ID_ITEM_EQUIP_TWOHANDEDSWORD_TENMANOTAIKEN,"相手の良い効果を<lf>たまに消し去る<lf>天馬を模した大剣"
EXPLANATION_ID_ITEM_EQUIP_TWOHANDEDSWORD_FOSUBUREDO,"雷の魔力を宿し<lf>エレメントの敵に<lf>効果絶大な大剣"
EXPLANATION_ID_ITEM_EQUIP_TWOHANDEDSWORD_SEIOUNOTAIKEN,"聖なる力を秘めた<lf>ドラゴン系の敵を<lf>斬り裂く大剣"
EXPLANATION_ID_ITEM_EQUIP_TWOHANDEDSWORD_ENPAIABUREDO,"敵の士気を下げ<lf>会心確率が上がる<lf>超硬度の大剣"
EXPLANATION_ID_ITEM_EQUIP_TWOHANDEDSWORD_SUISEKINOTAIKEN,"様々な守りを<lf>打ち破る<lf>破魔の大剣"
EXPLANATION_ID_ITEM_EQUIP_TWOHANDEDSWORD_KEIOSUBUREDO,"開戦時たまに<lf>バイキルトが<lf>発動する魔剣"
EXPLANATION_ID_ITEM_EQUIP_KNIFE_BURONZUNAIFU,"銅で作られた<lf>小さなナイフ"
EXPLANATION_ID_ITEM_EQUIP_KNIFE_SHOSHINSHAYOUNOTANKEN,"新米冒険者が<lf>身につける<lf>シンプルな短剣"
EXPLANATION_ID_ITEM_EQUIP_KNIFE_SEINARUNAIFU,"ゾンビ系に強い<lf>聖なるチカラを<lf>宿したナイフ"
EXPLANATION_ID_ITEM_EQUIP_KNIFE_DOKUGANONAIFU,"斬りつけた相手を<lf>たまにマヒさせる<lf>あやしいナイフ"
EXPLANATION_ID_ITEM_EQUIP_KNIFE_SIBUSUNAIFU,"盗賊が好んで使う<lf>戦闘用のナイフ"
EXPLANATION_ID_ITEM_EQUIP_KNIFE_ASASHINDAGA,"急所に当たると<lf>相手を即死させる<lf>暗殺者用の短剣"
EXPLANATION_ID_ITEM_EQUIP_KNIFE_DOKUBARI,"急所に当たると<lf>相手を即死させる<lf>一か八かの武器"
EXPLANATION_ID_ITEM_EQUIP_KNIFE_GINNOTANKEN,"柄にほどこされた<lf>装飾が美しい<lf>銀製の短剣"
EXPLANATION_ID_ITEM_EQUIP_KNIFE_IGURUDAGA,"先制攻撃が<lf>しかけやすくなる<lf>軽やかな短剣"
EXPLANATION_ID_ITEM_EQUIP_KNIFE_KOAKUMANONAIFU,"斬りつけた相手を<lf>たまに幻惑させる<lf>あやしいナイフ"
EXPLANATION_ID_ITEM_EQUIP_KNIFE_KIRAPIASU,"２回攻撃できる<lf>ピアスの形をした<lf>きれいな短剣"
EXPLANATION_ID_ITEM_EQUIP_KNIFE_YORUNOPAPIYON,"斬りつけた相手を<lf>たまに混乱させる<lf>恐ろしい短剣"
EXPLANATION_ID_ITEM_EQUIP_KNIFE_SODOBUREIKA,"敵の攻撃力を<lf>たまに下げる<lf>刃くだきの短剣"
EXPLANATION_ID_ITEM_EQUIP_KNIFE_KOORINOYAIBA,"戦闘中に使うと<lf>氷のつぶてが<lf>敵をおそう短剣"
EXPLANATION_ID_ITEM_EQUIP_KNIFE_GURADHIUSU,"剣闘士が使う<lf>由緒ある短剣"
EXPLANATION_ID_ITEM_EQUIP_KNIFE_BURADDOPIKKU,"相手の急所に<lf>当たりやすい<lf>一撃必殺の武器"
EXPLANATION_ID_ITEM_EQUIP_KNIFE_SARAMANDA,"精霊の加護を受け<lf>炎のチカラを宿す<lf>勇ましい短剣"
EXPLANATION_ID_ITEM_EQUIP_KNIFE_OUKENONAIFU,"怪人系を魅了し<lf>最大ＭＰを高める<lf>気品あるナイフ"
EXPLANATION_ID_ITEM_EQUIP_KNIFE_FARUKONDAGA,"より先制攻撃が<lf>しかけやすくなる<lf>シャープな短剣"
EXPLANATION_ID_ITEM_EQUIP_KNIFE_KOGARASINODAGA,"吹きすさぶ疾風の<lf>チカラを宿した<lf>異形の短剣"
EXPLANATION_ID_ITEM_EQUIP_KNIFE_SAUZANDODAGA,"より先制攻撃が<lf>しかけやすくなる<lf>神秘の短剣"
EXPLANATION_ID_ITEM_EQUIP_KNIFE_SEIOUNONAIFU,"２回攻撃でき<lf>虫系の敵に強い<lf>聖なる短剣"
EXPLANATION_ID_ITEM_EQUIP_KNIFE_RAITONINGUDAGA,"雷の力を宿した<lf>青くかがやく<lf>超硬度の短剣"
EXPLANATION_ID_ITEM_EQUIP_KNIFE_KURISUTARUEJJI,"会心の一撃が<lf>出やすくなる<lf>きらめく結晶の刃"
EXPLANATION_ID_ITEM_EQUIP_KNIFE_POINZUNSUKEIRU,"猛毒や混乱を呼ぶ<lf>凶悪なドラゴンの<lf>うろこ製ナイフ"
EXPLANATION_ID_ITEM_EQUIP_STICK_RORIENOKOEDA,"月桂樹の枝を<lf>折っただけの<lf>簡素なスティック"
EXPLANATION_ID_ITEM_EQUIP_STICK_SHOSHINSHAYOUSUTHIKKU,"新米冒険者が<lf>身につける<lf>お手軽スティック"
EXPLANATION_ID_ITEM_EQUIP_STICK_PINSUTHIKKU,"先端にボールが<lf>付いている<lf>手軽なスティック"
EXPLANATION_ID_ITEM_EQUIP_STICK_FURAWASUTHIKKU,"虫系を魅了し<lf>最大ＨＰを高める<lf>派手なスティック"
EXPLANATION_ID_ITEM_EQUIP_STICK_SURAIMUSUTEKKI,"スライム系の<lf>ＭＰを奪いやすい<lf>かわいいステッキ"
EXPLANATION_ID_ITEM_EQUIP_STICK_TSUINKURUTAKUTO,"たたいた敵を<lf>まれに混乱させる<lf>キラキラタクト"
EXPLANATION_ID_ITEM_EQUIP_STICK_MOMONSUTHIKKU,"悪魔系のＭＰを<lf>奪いやすい<lf>小粋なスティック"
EXPLANATION_ID_ITEM_EQUIP_STICK_FEZASUTHIKKU,"そよ風のチカラを<lf>宿している<lf>軽やかスティック"
EXPLANATION_ID_ITEM_EQUIP_STICK_SURATAWASUTEKKI,"スライム系の<lf>ＭＰを奪いやすい<lf>たわわなステッキ"
EXPLANATION_ID_ITEM_EQUIP_STICK_RABURISUTHIKKU,"たたいた敵を<lf>たまに魅了する<lf>愛のスティック"
EXPLANATION_ID_ITEM_EQUIP_STICK_MAJIKARUSUTHIKKU,"装備すると<lf>最大ＭＰが増える<lf>魔法のスティック"
EXPLANATION_ID_ITEM_EQUIP_STICK_MATEKINOSUTHIKKU,"たたいた相手を<lf>まれに魅了する<lf>笛型のスティック"
EXPLANATION_ID_ITEM_EQUIP_STICK_MAPORENASUTEKKI,"悪魔系のＭＰを<lf>奪いやすい<lf>いなせなステッキ"
EXPLANATION_ID_ITEM_EQUIP_STICK_DORAGONSUTHIKKU,"ドラゴン系の<lf>ＭＰを奪いやすい<lf>荒ぶるスティック"
EXPLANATION_ID_ITEM_EQUIP_STICK_PERORINSUTEKKI,"たたいた敵を<lf>たまに混乱させる<lf>ステキなステッキ"
EXPLANATION_ID_ITEM_EQUIP_STICK_PARASORUSUTHIKKU,"傘としても使える<lf>便利なスティック"
EXPLANATION_ID_ITEM_EQUIP_STICK_TENSHINOTAKUTO,"最大ＭＰと<lf>魔力を高める<lf>神々しいタクト"
EXPLANATION_ID_ITEM_EQUIP_STICK_YUGUDORASHIRU,"虫系を魅了し<lf>最大ＨＰを高める<lf>神秘のスティック"
EXPLANATION_ID_ITEM_EQUIP_STICK_AKUMANOTAKUTO,"なぐった敵の<lf>守備力を下げ<lf>闇を宿すタクト"
EXPLANATION_ID_ITEM_EQUIP_STICK_GOSHIKKUPARASORU,"敵のＭＰを<lf>奪いやすくする<lf>荘厳なスティック"
EXPLANATION_ID_ITEM_EQUIP_STICK_TAITANIASUTEKKI,"虫系を魅了する<lf>妖精の女王が<lf>愛したステッキ"
EXPLANATION_ID_ITEM_EQUIP_STICK_SEIOUNOSUTHIKKU,"聖なる力を秘めた<lf>悪魔系の敵に<lf>強いスティック"
EXPLANATION_ID_ITEM_EQUIP_STICK_HIKARINOTAKUTO,"呪文の発動が<lf>少しだけ速くなる<lf>新時代のタクト"
EXPLANATION_ID_ITEM_EQUIP_STICK_FANTASUTHIKKU,"キラキラポーンが<lf>炸裂する<lf>夢のスティック"
EXPLANATION_ID_ITEM_EQUIP_STICK_RAKURIMATAKUTO,"聖なる祈りが<lf>使い手を守護する<lf>慈悲深いタクト"
EXPLANATION_ID_ITEM_EQUIP_ROD_KASHINOTSUE,"かしの木を<lf>けずって作った<lf>簡素な杖"
EXPLANATION_ID_ITEM_EQUIP_ROD_SHOSHINSHAYOUNORYOUTETSUE,"新米冒険者が<lf>身につける<lf>シンプルな両手杖"
EXPLANATION_ID_ITEM_EQUIP_ROD_MADOUSHINOTSUE,"戦闘中に使うと<lf>火の玉が放たれる<lf>魔法の杖"
EXPLANATION_ID_ITEM_EQUIP_ROD_SABAKINOTSUE,"戦闘中に使うと<lf>風で敵を切り裂く<lf>聖なる杖"
EXPLANATION_ID_ITEM_EQUIP_ROD_AMAGUMONOTSUE,"水系の魔物に強い<lf>雨雲を封じ込めた<lf>魔法の杖"
EXPLANATION_ID_ITEM_EQUIP_ROD_MAHUJINOTSUE,"戦闘中に使うと<lf>敵の呪文を<lf>封じ込める杖"
EXPLANATION_ID_ITEM_EQUIP_ROD_UMINARINOTSUE,"水系の魔物に強く<lf>そのＭＰも奪う<lf>波をかたどった杖"
EXPLANATION_ID_ITEM_EQUIP_ROD_YOUSEINOTSUE,"妖精が宿るという<lf>最大ＭＰを高める<lf>不思議な杖"
EXPLANATION_ID_ITEM_EQUIP_ROD_IKAZUCHINOTSUE,"戦闘中に使うと<lf>雷を呼び<lf>敵を打ち砕く杖"
EXPLANATION_ID_ITEM_EQUIP_ROD_PIORANOTSUE,"戦闘中に使うと<lf>すばやくなれる<lf>翼をかたどった杖"
EXPLANATION_ID_ITEM_EQUIP_ROD_MAGUMANOTSUE,"戦闘中に使うと<lf>爆発を起こし<lf>敵を打ち倒す杖"
EXPLANATION_ID_ITEM_EQUIP_ROD_RUNSUTAFFU,"最大ＭＰと<lf>魔力を高め<lf>敵をマヒさせる杖"
EXPLANATION_ID_ITEM_EQUIP_ROD_SEIREINOTSUE,"精霊の加護を得た<lf>最大ＭＰを高める<lf>ステキな杖"
EXPLANATION_ID_ITEM_EQUIP_ROD_KOORINOTSUE,"戦闘中に使うと<lf>氷のつぶてが<lf>敵をおそう杖"
EXPLANATION_ID_ITEM_EQUIP_ROD_MAGANNOTSUE,"最大ＭＰと<lf>魔力を高め<lf>敵を呪縛する杖"
EXPLANATION_ID_ITEM_EQUIP_ROD_SEIRENNOTSUE,"戦闘中に使うと<lf>呪文に強くなる<lf>魅惑的な杖"
EXPLANATION_ID_ITEM_EQUIP_ROD_FUKUINNOTSUE,"戦闘中に使うと<lf>ＨＰが回復する<lf>祝福された杖"
EXPLANATION_ID_ITEM_EQUIP_ROD_AKUWANDO,"最大ＭＰと<lf>魔力を高める<lf>妖気ただよう杖"
EXPLANATION_ID_ITEM_EQUIP_ROD_KENJYANOTSUE,"戦闘中に使うと<lf>息攻撃に強くなる<lf>知恵者の杖"
EXPLANATION_ID_ITEM_EQUIP_ROD_MEGAMINOTSUE,"最大ＭＰと<lf>魔力を高める<lf>悪魔系に強い杖"
EXPLANATION_ID_ITEM_EQUIP_ROD_DORAGONNOTSUE,"巨大な火球を放ち<lf>ドラゴンのＭＰを<lf>たやすく奪う杖"
EXPLANATION_ID_ITEM_EQUIP_ROD_SEIOUNOTSUE,"聖なる力を秘めた<lf>悪魔系の敵を<lf>打ち倒す杖"
EXPLANATION_ID_ITEM_EQUIP_ROD_HIKARINOTSUE,"開戦時たまに<lf>マホトラの<lf>ころもをまとう杖"
EXPLANATION_ID_ITEM_EQUIP_ROD_FUSISHANOMAJYOU,"不死者の呪力が<lf>魔法の守りを破る<lf>破魔の両手杖"
EXPLANATION_ID_ITEM_EQUIP_ROD_IRISUNOTSUE,"呪文の発動が<lf>少しだけ速くなる<lf>神秘的な杖"
EXPLANATION_ID_ITEM_EQUIP_SPEAR_TAKEYARI,"そこらに生えてる<lf>竹を切っただけの<lf>シンプルなやり"
EXPLANATION_ID_ITEM_EQUIP_SPEAR_SHOSHINSHAYOUNOYARI,"新米冒険者が<lf>身につける<lf>シンプルなやり"
EXPLANATION_ID_ITEM_EQUIP_SPEAR_RONGUSUPIA,"長くてじょうぶな<lf>大型のやり"
EXPLANATION_ID_ITEM_EQUIP_SPEAR_SEIDOUNOYARI,"青銅で作られた<lf>一般的なやり"
EXPLANATION_ID_ITEM_EQUIP_SPEAR_TETSUNOYARI,"鉄で作られた<lf>使いやすいやり"
EXPLANATION_ID_ITEM_EQUIP_SPEAR_KONOEHEINOYARI,"お城を警護する<lf>近衛兵が使う<lf>かっこいいやり"
EXPLANATION_ID_ITEM_EQUIP_SPEAR_HORIRANSU,"ゾンビ系に強い<lf>聖なるチカラが<lf>秘められたやり"
EXPLANATION_ID_ITEM_EQUIP_SPEAR_BATORUFOKU,"会心の一撃が<lf>出やすくなる<lf>三つまたのやり"
EXPLANATION_ID_ITEM_EQUIP_SPEAR_HAGANENOYARI,"はがねで作られた<lf>重厚感のある<lf>本格的なやり"
EXPLANATION_ID_ITEM_EQUIP_SPEAR_INAZUMANOYARI,"雷のチカラを宿し<lf>すばやさも高める<lf>魔法のやり"
EXPLANATION_ID_ITEM_EQUIP_SPEAR_PARUCHIZAN,"ほさきの左右に<lf>刃を付けた<lf>大型のやり"
EXPLANATION_ID_ITEM_EQUIP_SPEAR_GURAKOSUNOYARI,"水系の魔物を<lf>まれに魅了する<lf>海の魔神のやり"
EXPLANATION_ID_ITEM_EQUIP_SPEAR_SAJINNOYARI,"土のチカラを宿し<lf>戦闘中に使うと<lf>敵を幻惑するやり"
EXPLANATION_ID_ITEM_EQUIP_SPEAR_PURACHINANOYARI,"プラチナで鍛えた<lf>美しく<lf>高い硬度のやり"
EXPLANATION_ID_ITEM_EQUIP_SPEAR_DEMONSUPIA,"急所に当たれば<lf>一撃で命を奪う<lf>恐ろしいやり"
EXPLANATION_ID_ITEM_EQUIP_SPEAR_RAIJINNOYARI,"雷のチカラを宿し<lf>すばやさも高める<lf>猛々しいやり"
EXPLANATION_ID_ITEM_EQUIP_SPEAR_EIYUUNOYARI,"攻撃すると同時に<lf>自分も回復する<lf>壮麗なるやり"
EXPLANATION_ID_ITEM_EQUIP_SPEAR_OSEANOSUSUPIA,"海神のチカラで<lf>水系の魔物を<lf>魅了するやり"
EXPLANATION_ID_ITEM_EQUIP_SPEAR_METASURANOYARI,"メタル系に強く<lf>スライム系の敵を<lf>魅了するやり"
EXPLANATION_ID_ITEM_EQUIP_SPEAR_SEIKISHINOYARI,"ゾンビ系や<lf>悪魔系に強い<lf>荘厳なやり"
EXPLANATION_ID_ITEM_EQUIP_SPEAR_KISHINNOMASOU,"どんな硬い盾をも<lf>刺しつらぬく<lf>悪鬼も恐れるやり"
EXPLANATION_ID_ITEM_EQUIP_SPEAR_SEIOUNOYARI,"武器ガードが<lf>出やすくなる<lf>獣系に強い聖槍"
EXPLANATION_ID_ITEM_EQUIP_SPEAR_SERAFIMUNOYARI,"たまに開戦時<lf>天使の守りを<lf>授かる神聖なやり"
EXPLANATION_ID_ITEM_EQUIP_SPEAR_ATENANOSEISOU,"使い手を守護し<lf>聖なる守りを施す<lf>戦女神のやり"
EXPLANATION_ID_ITEM_EQUIP_SPEAR_BURADDOSUPIA,"開戦時<lf>時々バイシオンが<lf>発動する魔槍"
EXPLANATION_ID_ITEM_EQUIP_AXE_DOUNOONO,"木の柄に<lf>銅製の刃を付けた<lf>ありふれたオノ"
EXPLANATION_ID_ITEM_EQUIP_AXE_SHOSHINSHAYOUNOONO,"新米冒険者が<lf>身につける<lf>シンプルなオノ"
EXPLANATION_ID_ITEM_EQUIP_AXE_SEIDOUNOONO,"木の柄に<lf>青銅の刃を付けた<lf>シンプルなオノ"
EXPLANATION_ID_ITEM_EQUIP_AXE_SANZOKUNOONO,"山賊がよく使う<lf>獣系に強いオノ"
EXPLANATION_ID_ITEM_EQUIP_AXE_RAITOAKKUSU,"植物系の敵に強く<lf>あつかいやすい<lf>軽量のオノ"
EXPLANATION_ID_ITEM_EQUIP_AXE_TETSUNOONO,"鉄で作られた<lf>使いやすいオノ"
EXPLANATION_ID_ITEM_EQUIP_AXE_BATORUAKKUSU,"戦うために<lf>作られた<lf>するどいオノ"
EXPLANATION_ID_ITEM_EQUIP_AXE_SHIRUBAAKKUSU,"白くかがやく<lf>銀で作られた<lf>両刃のオノ"
EXPLANATION_ID_ITEM_EQUIP_AXE_HAGANENOONO,"はがねで作られた<lf>重厚感のある<lf>本格的なオノ"
EXPLANATION_ID_ITEM_EQUIP_AXE_KARUSADORAAKKUSU,"マシン系の敵に<lf>特に効果がある<lf>重厚なオノ"
EXPLANATION_ID_ITEM_EQUIP_AXE_MUNAKKUSU,"斬りつけた敵を<lf>月光の魔力で<lf>混乱させるオノ"
EXPLANATION_ID_ITEM_EQUIP_AXE_TATSUJINNOONO,"きこりの名人が<lf>愛用するという<lf>植物系に強いオノ"
EXPLANATION_ID_ITEM_EQUIP_AXE_KINGUAKKUSU,"最大ＭＰを高める<lf>ルーンが刻まれた<lf>強力なオノ"
EXPLANATION_ID_ITEM_EQUIP_AXE_EKURIPUSUAKKUSU,"斬りつけた敵を<lf>日食の妖力で<lf>混乱させるオノ"
EXPLANATION_ID_ITEM_EQUIP_AXE_SHAMANAKKUSU,"まがまがしい<lf>雰囲気の顔が<lf>かたどられたオノ"
EXPLANATION_ID_ITEM_EQUIP_AXE_FUBUKINOONO,"こごえるような<lf>氷の魔力を秘めた<lf>魔法のオノ"
EXPLANATION_ID_ITEM_EQUIP_AXE_KAIZAAKKUSU,"最大ＭＰを高める<lf>ルーンが刻まれた<lf>豪華なオノ"
EXPLANATION_ID_ITEM_EQUIP_AXE_DESUTOROIYA,"マシン系に強く<lf>会心確率も上がる<lf>破壊を招くオノ"
EXPLANATION_ID_ITEM_EQUIP_AXE_HASHANOONO,"怪人系の敵に強い<lf>鬼神の王を<lf>かたどったオノ"
EXPLANATION_ID_ITEM_EQUIP_AXE_GURETOAKKUSU,"最大ＭＰを高め<lf>見た目もイケてる<lf>グレートなオノ"
EXPLANATION_ID_ITEM_EQUIP_AXE_FUNSAINOOONATA,"マシン系や<lf>物質系に強い<lf>凶悪なオノ"
EXPLANATION_ID_ITEM_EQUIP_AXE_SEIOUNOONO,"聖なる力を秘めた<lf>植物系の敵を<lf>断ち切るオノ"
EXPLANATION_ID_ITEM_EQUIP_AXE_APORONNOONO,"太陽神の加護で<lf>炎と光の属性を<lf>あわせ持つオノ"
EXPLANATION_ID_ITEM_EQUIP_AXE_DYUKUAKKUSU,"悪魔系に強く<lf>魔力を節約できる<lf>不思議なオノ"
EXPLANATION_ID_ITEM_EQUIP_AXE_VARANGAAKKUSU,"氷の魔力でまれに<lf>敵をマヒさせる<lf>絶対零度のオノ"
EXPLANATION_ID_ITEM_EQUIP_CLUB_MONOHOSHIZAO,"せんたくものを<lf>干すのに使う<lf>竹のさお"
EXPLANATION_ID_ITEM_EQUIP_CLUB_SHOSHINSHAYOUNOKON,"新米冒険者が<lf>身につける<lf>シンプルな棍"
EXPLANATION_ID_ITEM_EQUIP_CLUB_TENBINBOU,"重い荷物を<lf>運ぶために使う<lf>じょうぶな棒"
EXPLANATION_ID_ITEM_EQUIP_CLUB_KASHINOKON,"身かわし率が<lf>わずかに上がる<lf>木製の棍"
EXPLANATION_ID_ITEM_EQUIP_CLUB_ROKKAKUBOU,"なぐられると<lf>とても痛いらしい<lf>角ばった棍"
EXPLANATION_ID_ITEM_EQUIP_CLUB_GYOUJYANOKON,"修行で使われる<lf>身丈が長い<lf>シンプルな棍"
EXPLANATION_ID_ITEM_EQUIP_CLUB_SEREMONIRODDO,"儀式のときに<lf>よく使われる<lf>格式高い棍"
EXPLANATION_ID_ITEM_EQUIP_CLUB_ENBUNOKON,"身かわし率が<lf>わずかに上がる<lf>スマートな棍"
EXPLANATION_ID_ITEM_EQUIP_CLUB_MADOROMINOKON,"なぐった敵を<lf>まれに眠らせる<lf>不思議な棍"
EXPLANATION_ID_ITEM_EQUIP_CLUB_SUPAIKURODDO,"木で作られた<lf>破砕力が高い<lf>トゲトゲの棍"
EXPLANATION_ID_ITEM_EQUIP_CLUB_KURASSHURODDO,"物質系の敵を<lf>打ち砕く<lf>たのもしい棍"
EXPLANATION_ID_ITEM_EQUIP_CLUB_REINIRODDO,"先端の玉に<lf>氷の魔力を秘めた<lf>流麗な棍"
EXPLANATION_ID_ITEM_EQUIP_CLUB_RASETSUNOKON,"なぐった敵の<lf>守備力を下げる<lf>悪鬼が使う棍"
EXPLANATION_ID_ITEM_EQUIP_CLUB_ROUGABOU,"鋭いトゲが<lf>無数についた<lf>恐ろしい棍"
EXPLANATION_ID_ITEM_EQUIP_CLUB_YASHANOKON,"怪人系の敵を<lf>打ちのめす<lf>邪鬼が使う棍"
EXPLANATION_ID_ITEM_EQUIP_CLUB_DORAGONRODDO,"ドラゴン系の敵を<lf>打ちのめす<lf>竜をかたどった棍"
EXPLANATION_ID_ITEM_EQUIP_CLUB_NICHIRINNOKON,"光の魔力を宿す<lf>太陽の姿を<lf>あしらった棍"
EXPLANATION_ID_ITEM_EQUIP_CLUB_HAKUJYANOKON,"なぐった敵の<lf>守備力を下げる<lf>神秘的な棍"
EXPLANATION_ID_ITEM_EQUIP_CLUB_NAGEKINOKON,"なぐった相手を<lf>まれに混乱させる<lf>まがまがしい棍"
EXPLANATION_ID_ITEM_EQUIP_CLUB_SHURANOKON,"エレメントに強く<lf>最大ＭＰも高める<lf>神秘的な棍"
EXPLANATION_ID_ITEM_EQUIP_CLUB_SHENRONRODDO,"ドラゴン系の敵を<lf>打ちのめす<lf>竜神を宿した棍"
EXPLANATION_ID_ITEM_EQUIP_CLUB_SEIOUNOKON,"聖なる力を秘めた<lf>ゾンビ系の敵を<lf>打ち倒す棍"
EXPLANATION_ID_ITEM_EQUIP_CLUB_ONMYOUDOUNOKON,"なぐった敵を<lf>攻撃呪文に<lf>弱くする棍"
EXPLANATION_ID_ITEM_EQUIP_CLUB_APOKARIPUSU,"光の魔力で清め<lf>闇の魔力で蝕む<lf>聖魔一体の棍"
EXPLANATION_ID_ITEM_EQUIP_CLUB_DEMONRODDO,"悪魔を打ち払い<lf>強打が出やすい<lf>まがまがしい棍"
EXPLANATION_ID_ITEM_EQUIP_CLAW_DOUNOTSUME,"両手にはめて<lf>２回攻撃できる<lf>銅製のツメ"
EXPLANATION_ID_ITEM_EQUIP_CLAW_SHOSHINSHAYOUNOTSUME,"新米冒険者が<lf>身につける<lf>シンプルなツメ"
EXPLANATION_ID_ITEM_EQUIP_CLAW_KYATTOKURO,"両手にはめて<lf>２回攻撃できる<lf>鳥系に強いツメ"
EXPLANATION_ID_ITEM_EQUIP_CLAW_SEIDOUNOTSUME,"両手にはめて<lf>２回攻撃できる<lf>青銅でできたツメ"
EXPLANATION_ID_ITEM_EQUIP_CLAW_TETSUNOTSUME,"両手にはめて<lf>２回攻撃できる<lf>鉄製のツメ"
EXPLANATION_ID_ITEM_EQUIP_CLAW_MAYOKENOTSUME,"エレメント系に<lf>強い聖なるツメ<lf>２回攻撃できる"
EXPLANATION_ID_ITEM_EQUIP_CLAW_SHIRUBAKURO,"白くかがやく<lf>銀で作られたツメ"
EXPLANATION_ID_ITEM_EQUIP_CLAW_KOAKUMANEIRU,"怪人系を魅了する<lf>小悪魔ギャルの<lf>おしゃれなツメ"
EXPLANATION_ID_ITEM_EQUIP_CLAW_HAGANENOTSUME,"両手にはめて<lf>２回攻撃できる<lf>はがね製のツメ"
EXPLANATION_ID_ITEM_EQUIP_CLAW_KUROHYOUNOTSUME,"獣系の敵に強い<lf>野生の黒ヒョウを<lf>イメージしたツメ"
EXPLANATION_ID_ITEM_EQUIP_CLAW_HAYABUSANOTSUME,"鳥系を魅了する<lf>はやぶさの姿を<lf>模したツメ"
EXPLANATION_ID_ITEM_EQUIP_CLAW_HONOONOTSUME,"戦闘中に使うと<lf>火の玉が飛びだす<lf>魔法のツメ"
EXPLANATION_ID_ITEM_EQUIP_CLAW_KOORINOTSUME,"戦闘中に使うと<lf>氷のつぶてが<lf>敵をおそうツメ"
EXPLANATION_ID_ITEM_EQUIP_CLAW_DORAGONKURO,"ドラゴン系の敵を<lf>たやすく引き裂く<lf>竜を模したツメ"
EXPLANATION_ID_ITEM_EQUIP_CLAW_AKUMANOTSUME,"斬りつけた相手を<lf>たまに毒にする<lf>まがまがしいツメ"
EXPLANATION_ID_ITEM_EQUIP_CLAW_PURACHINAKURO,"両手にはめて<lf>２回攻撃できる<lf>プラチナ製のツメ"
EXPLANATION_ID_ITEM_EQUIP_CLAW_MAJYUUNOTSUME,"獣系や鳥系の敵に<lf>特に効果がある<lf>凶悪なツメ"
EXPLANATION_ID_ITEM_EQUIP_CLAW_KOBUDOUNOTSUME,"エレメントに強く<lf>会心の一撃も<lf>出やすくなるツメ"
EXPLANATION_ID_ITEM_EQUIP_CLAW_FARUKONKURO,"鳥系に強く<lf>会心の一撃も<lf>出やすくなるツメ"
EXPLANATION_ID_ITEM_EQUIP_CLAW_MEIJYUUNOTSUME,"獣系を魅了し<lf>獣系に強い<lf>冥界の魔獣のツメ"
EXPLANATION_ID_ITEM_EQUIP_CLAW_RYUUOUNOTSUME,"ドラゴン系の敵を<lf>たやすく引き裂く<lf>猛々しいツメ"
EXPLANATION_ID_ITEM_EQUIP_CLAW_SEIOUNOTSUME,"聖なる力を秘めた<lf>マシン系の敵を<lf>引き裂くツメ"
EXPLANATION_ID_ITEM_EQUIP_CLAW_KURISUTARUKURO,"攻撃するたび<lf>キズをいやす<lf>青く輝くツメ"
EXPLANATION_ID_ITEM_EQUIP_CLAW_KYAPUTENKURO,"海賊のかぎづめで<lf>ほんのちょっと<lf>ドロップ率アップ"
EXPLANATION_ID_ITEM_EQUIP_CLAW_SOUENNOTSUME,"相手のすばやさを<lf>たまに下げる<lf>地獄由来のツメ"
EXPLANATION_ID_ITEM_EQUIP_WHIP_KAWANOMUCHI,"広い範囲を<lf>攻撃できる<lf>皮製のムチ"
EXPLANATION_ID_ITEM_EQUIP_WHIP_SHOSHINSHAYOUNOMUCHI,"新米冒険者が<lf>身につける<lf>シンプルなムチ"
EXPLANATION_ID_ITEM_EQUIP_WHIP_IBARANOMUCHI,"広い範囲を<lf>攻撃できる<lf>トゲ付きのムチ"
EXPLANATION_ID_ITEM_EQUIP_WHIP_BATORURIBON,"広い範囲を<lf>攻撃できる<lf>戦闘用のリボン"
EXPLANATION_ID_ITEM_EQUIP_WHIP_HEBIGAWANOMUCHI,"広い範囲を<lf>攻撃できる<lf>へび柄のムチ"
EXPLANATION_ID_ITEM_EQUIP_WHIP_TETSUNOMUCHI,"広い範囲を<lf>攻撃できる<lf>鉄製のムチ"
EXPLANATION_ID_ITEM_EQUIP_WHIP_ROZUULIPPU,"バラの香りで<lf>敵を幻惑する<lf>植物系に強いムチ"
EXPLANATION_ID_ITEM_EQUIP_WHIP_MONINGUSUTA,"トゲ付きの鉄球で<lf>物質系の敵を<lf>打ち砕く武器"
EXPLANATION_ID_ITEM_EQUIP_WHIP_PAISONULIPPU,"打ちつけた敵を<lf>まれに毒に冒す<lf>へび柄のムチ"
EXPLANATION_ID_ITEM_EQUIP_WHIP_HAGANENOMUCHI,"広い範囲を<lf>攻撃できる<lf>はがね製のムチ"
EXPLANATION_ID_ITEM_EQUIP_WHIP_BISUTOULIPPU,"獣系の魔物に強い<lf>たのもしいムチ"
EXPLANATION_ID_ITEM_EQUIP_WHIP_SAIDOWAINDA,"土の魔力を宿す<lf>大蛇を模した<lf>凶悪なムチ"
EXPLANATION_ID_ITEM_EQUIP_WHIP_MIWAKUNORIBON,"まれに敵を幻惑し<lf>エレメント系にも<lf>強いリボン"
EXPLANATION_ID_ITEM_EQUIP_WHIP_DORAGONTEIRU,"ドラゴン系に強い<lf>竜のしっぽを<lf>思わせるムチ"
EXPLANATION_ID_ITEM_EQUIP_WHIP_SUKOPIONTEIRU,"打ちつけた敵を<lf>まれにマヒさせる<lf>恐ろしいムチ"
EXPLANATION_ID_ITEM_EQUIP_WHIP_BASUTAULIPPU,"まとめて敵を<lf>なぎ倒す<lf>強力なムチ"
EXPLANATION_ID_ITEM_EQUIP_WHIP_AKUMANOMUCHI,"悪魔系の心を<lf>支配する<lf>誘惑のムチ"
EXPLANATION_ID_ITEM_EQUIP_WHIP_KARUBEROBYUTO,"エレメントに強く<lf>最大ＭＰも高める<lf>伝説のムチ"
EXPLANATION_ID_ITEM_EQUIP_WHIP_JYOUOUNOMUCHI,"怪人系の敵に強い<lf>女王様が愛用する<lf>うるわしきムチ"
EXPLANATION_ID_ITEM_EQUIP_WHIP_SAPENTOULIPPU,"水系の敵に強い<lf>神聖な海へびの<lf>チカラが宿るムチ"
EXPLANATION_ID_ITEM_EQUIP_WHIP_MAJINNOMUCHI,"怪人系を魅了し<lf>会心率も上がる<lf>破壊的なムチ"
EXPLANATION_ID_ITEM_EQUIP_WHIP_SEIOUNOMUCHI,"聖なる力を秘めた<lf>怪人系の敵を<lf>打ち倒すムチ"
EXPLANATION_ID_ITEM_EQUIP_WHIP_TORAIDENTOTEIRU,"ゾンビ系と水系の<lf>敵を打ちすえる<lf>超硬度のムチ"
EXPLANATION_ID_ITEM_EQUIP_WHIP_VOIDOANKA,"会心の一撃が<lf>少し出やすくなる<lf>いかり型のムチ"
EXPLANATION_ID_ITEM_EQUIP_WHIP_FURIZUULIPPU,"敵の攻撃力を下げ<lf>マヒもさせる<lf>冷酷非情のムチ"
EXPLANATION_ID_ITEM_EQUIP_FAN_SHIRAGINOOUGI,"武術の初心者が<lf>よく使っている<lf>質素なおうぎ"
EXPLANATION_ID_ITEM_EQUIP_FAN_SHOSHINSHAYOUNOOUGI,"新米冒険者が<lf>身につける<lf>シンプルなおうぎ"
EXPLANATION_ID_ITEM_EQUIP_FAN_HANEOUGI,"トリの羽根で<lf>かざりたてた<lf>派手なおうぎ"
EXPLANATION_ID_ITEM_EQUIP_FAN_BATORUFAN,"戦闘用に作られた<lf>ギザギザのおうぎ"
EXPLANATION_ID_ITEM_EQUIP_FAN_TETSUNOOUGI,"護身にも役立つ<lf>強度の高い<lf>鉄製のおうぎ"
EXPLANATION_ID_ITEM_EQUIP_FAN_KAMENOOUGI,"土のチカラを宿す<lf>カメの絵が<lf>描かれたおうぎ"
EXPLANATION_ID_ITEM_EQUIP_FAN_TORINOOUGI,"炎のチカラを宿す<lf>トリの絵が<lf>描かれたおうぎ"
EXPLANATION_ID_ITEM_EQUIP_FAN_NANAHOSHINOOUGI,"虫系に強い<lf>おてんとさまの<lf>加護が宿るおうぎ"
EXPLANATION_ID_ITEM_EQUIP_FAN_KUJYAKUNOOUGI,"美しい羽根で<lf>彩られた<lf>華やかなおうぎ"
EXPLANATION_ID_ITEM_EQUIP_FAN_NEKONOOUGI,"氷のチカラを宿す<lf>ネコの絵が<lf>描かれたおうぎ"
EXPLANATION_ID_ITEM_EQUIP_FAN_HEBINOOUGI,"雷のチカラを宿す<lf>へびの絵が<lf>描かれたおうぎ"
EXPLANATION_ID_ITEM_EQUIP_FAN_MAJIKKUFAN,"装備すると<lf>最大ＭＰが増える<lf>魔法のおうぎ"
EXPLANATION_ID_ITEM_EQUIP_FAN_HOSHINOOUGI,"きらめく星が<lf>敵を混乱させる<lf>神秘的なおうぎ"
EXPLANATION_ID_ITEM_EQUIP_FAN_MASHOUNOOUGI,"どことなく<lf>妖しさが漂う<lf>異形のおうぎ"
EXPLANATION_ID_ITEM_EQUIP_FAN_REINBOFAN,"斬りつけた敵を<lf>幻惑させる<lf>あざやかなおうぎ"
EXPLANATION_ID_ITEM_EQUIP_FAN_TSUKINOOUGI,"かがやく月光で<lf>敵をマヒさせる<lf>神秘的なおうぎ"
EXPLANATION_ID_ITEM_EQUIP_FAN_BASHOUSEN,"戦闘中に使うと<lf>風で敵を切り裂く<lf>名高いおうぎ"
EXPLANATION_ID_ITEM_EQUIP_FAN_TAIYOUNOOUGI,"まばゆい太陽が<lf>植物系を魅了する<lf>神秘的なおうぎ"
EXPLANATION_ID_ITEM_EQUIP_FAN_TENKATAIHEI,"開戦時たまに<lf>テンションあがる<lf>めでたいおうぎ"
EXPLANATION_ID_ITEM_EQUIP_FAN_HISSATSUNOOUGI,"開戦時まれに<lf>テンションあがる<lf>勇猛なおうぎ"
EXPLANATION_ID_ITEM_EQUIP_FAN_FUURINKAZAN,"メタル系に強く<lf>敵の士気も下げる<lf>威厳ある軍配"
EXPLANATION_ID_ITEM_EQUIP_FAN_SEIOUNOOUGI,"聖なる力を秘めた<lf>水系の敵を<lf>打ち倒す扇"
EXPLANATION_ID_ITEM_EQUIP_FAN_KAREIDOSUKOPU,"戦闘後にＭＰが<lf>すこし回復する<lf>夢幻のおうぎ"
EXPLANATION_ID_ITEM_EQUIP_FAN_HARUJION,"回復魔力を高め<lf>魔力消費を抑える<lf>たおやかな花扇"
EXPLANATION_ID_ITEM_EQUIP_FAN_SEIRANNOOUGI,"雷と風の<lf>チカラが宿った<lf>華麗な扇"
EXPLANATION_ID_ITEM_EQUIP_HAMMER_KONBOU,"かしの木で作った<lf>原始的な棍棒"
EXPLANATION_ID_ITEM_EQUIP_HAMMER_SHOSHINSHAYOUNOHANMA,"新米冒険者が<lf>身につける<lf>お手軽ハンマー"
EXPLANATION_ID_ITEM_EQUIP_HAMMER_OOKIDUCHI,"木で作られた<lf>大きなハンマー"
EXPLANATION_ID_ITEM_EQUIP_HAMMER_SEIDOUNOKANADUCHI,"青銅で作られた<lf>鈍く光るハンマー"
EXPLANATION_ID_ITEM_EQUIP_HAMMER_OOKANADUCH,"するどいトゲで<lf>威力を増した<lf>大きなハンマー"
EXPLANATION_ID_ITEM_EQUIP_HAMMER_TETSUNOKANABOU,"鉄で作られた<lf>トゲトゲの金棒"
EXPLANATION_ID_ITEM_EQUIP_HAMMER_ULOHANMA,"戦闘用に作られた<lf>敵を粉砕する<lf>巨大ハンマー"
EXPLANATION_ID_ITEM_EQUIP_HAMMER_GINNOKANADUCHI,"美しい細工の<lf>ほどこされた<lf>銀製のハンマー"
EXPLANATION_ID_ITEM_EQUIP_HAMMER_HAGANENOKANADUCHI,"はがねで作られた<lf>重厚感のある<lf>強力なハンマー"
EXPLANATION_ID_ITEM_EQUIP_HAMMER_BATORUSUTANPA,"無駄のない形で<lf>スタイリッシュな<lf>戦闘用ハンマー"
EXPLANATION_ID_ITEM_EQUIP_HAMMER_ONINOKANABOU,"オーガに伝わる<lf>鬼のチカラを<lf>宿すという金棒"
EXPLANATION_ID_ITEM_EQUIP_HAMMER_BONKURASSHA,"ゾンビ系に強く<lf>骨まで砕くという<lf>凶悪なハンマー"
EXPLANATION_ID_ITEM_EQUIP_HAMMER_MAJIKKUTONKACHI,"物質系に強く<lf>最大ＭＰも高める<lf>魔法のハンマー"
EXPLANATION_ID_ITEM_EQUIP_HAMMER_BORUKANOHANMA,"土のチカラを宿す<lf>溶岩の熱を使って<lf>きたえたハンマー"
EXPLANATION_ID_ITEM_EQUIP_HAMMER_TSUNDORAHANMA,"氷のチカラを宿す<lf>永久凍土から<lf>作られたハンマー"
EXPLANATION_ID_ITEM_EQUIP_HAMMER_PURACHINAHANMA,"プラチナで鍛えた<lf>威力の高い<lf>壮麗なハンマー"
EXPLANATION_ID_ITEM_EQUIP_HAMMER_GURETOHANMA,"緑色の宝玉が<lf>人目を惹きつける<lf>おしゃれハンマー"
EXPLANATION_ID_ITEM_EQUIP_HAMMER_KYOJINNOHANMA,"巨人が使うという<lf>物質系に強い<lf>豪快なハンマー"
EXPLANATION_ID_ITEM_EQUIP_HAMMER_MEGATONHANMA,"マシン系の敵に<lf>特に効果がある<lf>重みあるハンマー"
EXPLANATION_ID_ITEM_EQUIP_HAMMER_GODONHANMA,"巨顔を模した<lf>炎のチカラを宿す<lf>奇妙なハンマー"
EXPLANATION_ID_ITEM_EQUIP_HAMMER_MAJINNOKANADUCHI,"ミスしやすいが<lf>当たるとデカイ<lf>伝説のハンマー"
EXPLANATION_ID_ITEM_EQUIP_HAMMER_SEIOUNOHANMA,"聖なる力を秘めた<lf>物質系の敵を<lf>打ち倒すハンマー"
EXPLANATION_ID_ITEM_EQUIP_HAMMER_DAICHIKUDAKI,"会心率があがり<lf>大陸すら粉砕する<lf>破壊的ハンマー"
EXPLANATION_ID_ITEM_EQUIP_HAMMER_BARETTOHANMA,"マシン系や<lf>物質系を打ち砕く<lf>弾丸ハンマー"
EXPLANATION_ID_ITEM_EQUIP_HAMMER_TENSHINOTETTSUI,"使い手を守護し<lf>死から遠ざける<lf>天使のハンマー"
EXPLANATION_ID_ITEM_EQUIP_BOOMERANG_KASHINOBUMERAN,"かしの木から<lf>作られた<lf>簡素なブーメラン"
EXPLANATION_ID_ITEM_EQUIP_BOOMERANG_SHOSHINSHAYOUNOBUMERAN,"新米冒険者が<lf>身につける<lf>ブーメラン"
EXPLANATION_ID_ITEM_EQUIP_BOOMERANG_YAIBANOBUMERAN,"するどい刃で<lf>敵を切り裂く<lf>ブーメラン"
EXPLANATION_ID_ITEM_EQUIP_BOOMERANG_BURONZUBUMERAN,"青銅で作られた<lf>硬いブーメラン"
EXPLANATION_ID_ITEM_EQUIP_BOOMERANG_KUROSUBUMERAN,"十字に組むことで<lf>威力を増した<lf>ブーメラン"
EXPLANATION_ID_ITEM_EQUIP_BOOMERANG_AIANULINGU,"風のような速さで<lf>敵を切り裂く<lf>くろがねの刃"
EXPLANATION_ID_ITEM_EQUIP_BOOMERANG_ULINGUEJJI,"虫系に強い<lf>翼をかたどった<lf>鋭利なブーメラン"
EXPLANATION_ID_ITEM_EQUIP_BOOMERANG_SHIRUBASAKURU,"敵を切り裂き<lf>飛んでゆく<lf>銀製の円盤"
EXPLANATION_ID_ITEM_EQUIP_BOOMERANG_KAZENOBUMERAN,"風のチカラを宿す<lf>流麗な形状の<lf>イカすブーメラン"
EXPLANATION_ID_ITEM_EQUIP_BOOMERANG_HAGANENOBUMERAN,"はがねで作られた<lf>十字型の<lf>ブーメラン"
EXPLANATION_ID_ITEM_EQUIP_BOOMERANG_TSUINSUWARO,"虫系に強い<lf>つばめの意匠を<lf>施したブーメラン"
EXPLANATION_ID_ITEM_EQUIP_BOOMERANG_NINJYAKATTA,"忍びの者が用いた<lf>闇のチカラを宿す<lf>独特な形状の刃"
EXPLANATION_ID_ITEM_EQUIP_BOOMERANG_MAJIKKUCHAKURAMU,"最大ＭＰを高める<lf>魔法の宝玉付き<lf>チャクラム"
EXPLANATION_ID_ITEM_EQUIP_BOOMERANG_HONOONOBUMERAN,"カルサドラ火山産<lf>炎のチカラを宿す<lf>魔法のブーメラン"
EXPLANATION_ID_ITEM_EQUIP_BOOMERANG_KOORINOBUMERAN,"ランドン山脈産<lf>氷のチカラを宿す<lf>魔法のブーメラン"
EXPLANATION_ID_ITEM_EQUIP_BOOMERANG_PURACHINAULINGU,"プラチナで鍛えた<lf>威力の高い<lf>壮麗なブーメラン"
EXPLANATION_ID_ITEM_EQUIP_BOOMERANG_BURAKKUKONDORU,"虫系に強く<lf>コンドルのように<lf>飛翔する刃"
EXPLANATION_ID_ITEM_EQUIP_BOOMERANG_SAZANKUROSU,"星のかがやきを<lf>まとわせた<lf>ゾンビ系に強い刃"
EXPLANATION_ID_ITEM_EQUIP_BOOMERANG_PENTAGURAMU,"神秘の魔力で<lf>敵を混乱させる<lf>星型のブーメラン"
EXPLANATION_ID_ITEM_EQUIP_BOOMERANG_METARUULINGU,"メタル系に強く<lf>スライム系を<lf>魅了する刃"
EXPLANATION_ID_ITEM_EQUIP_BOOMERANG_METEOEJJI,"雷のチカラを宿す<lf>隕石のように<lf>流れ落ちる刃"
EXPLANATION_ID_ITEM_EQUIP_BOOMERANG_SEIOUNOBUMERAN,"聖なる力を秘めた<lf>スライム系の敵に<lf>強いブーメラン"
EXPLANATION_ID_ITEM_EQUIP_BOOMERANG_BURUFARUKON,"敵の攻撃力を<lf>たまに下げる<lf>超硬度ブーメラン"
EXPLANATION_ID_ITEM_EQUIP_BOOMERANG_DAKUSUTA,"時々攻撃力を上げ<lf>呪文発動も速める<lf>星型のブーメラン"
EXPLANATION_ID_ITEM_EQUIP_BOOMERANG_TORAICHAKURAMU,"魔力と会心率と<lf>呪文暴走率が<lf>高まるチャクラム"
EXPLANATION_ID_ITEM_EQUIP_BOW_AOTAKENOYUMI,"竹をしならせた<lf>手作りの弓"
EXPLANATION_ID_ITEM_EQUIP_BOW_SHOSHINSHAYOUNOYUMI,"新米冒険者が<lf>身につける<lf>シンプルな弓"
EXPLANATION_ID_ITEM_EQUIP_BOW_WAKAGINOYUMI,"細い若木で作った<lf>シンプルな弓"
EXPLANATION_ID_ITEM_EQUIP_BOW_KOBOKUNOYUMI,"古木の太い枝から<lf>けずりだした弓"
EXPLANATION_ID_ITEM_EQUIP_BOW_SHITANNOYUMI,"銘木の枝から<lf>けずりだした<lf>品のある弓"
EXPLANATION_ID_ITEM_EQUIP_BOW_RONGUBOU,"全長が長く<lf>戦闘や狩猟向きの<lf>大きな長弓"
EXPLANATION_ID_ITEM_EQUIP_BOW_KARIUDONOYUMI,"鳥系の魔物を<lf>射るのに適した<lf>狩猟用の弓"
EXPLANATION_ID_ITEM_EQUIP_BOW_KOAKUMANOYUMI,"いたずら心の<lf>たっぷりつまった<lf>キュートな弓"
EXPLANATION_ID_ITEM_EQUIP_BOW_EROSUNOYUMI,"愛の神の<lf>名を冠した<lf>不思議な弓"
EXPLANATION_ID_ITEM_EQUIP_BOW_KAZEKIRINOYUMI,"風のチカラを宿し<lf>宙を切り裂き<lf>矢を飛ばす弓"
EXPLANATION_ID_ITEM_EQUIP_BOW_YUUWAKUNOYUMI,"射抜いた相手を<lf>骨抜きにする<lf>魅惑的な弓"
EXPLANATION_ID_ITEM_EQUIP_BOW_GEKKOUNOYUMI,"月光の魔力で<lf>敵を混乱させる<lf>三日月を模した弓"
EXPLANATION_ID_ITEM_EQUIP_BOW_HAKUCHOUNOYUMI,"白鳥の翼を<lf>かたどった<lf>美しい弓"
EXPLANATION_ID_ITEM_EQUIP_BOW_NAITOSUNAIPA,"器用さを高め<lf>闇のチカラを宿す<lf>狙撃のための弓"
EXPLANATION_ID_ITEM_EQUIP_BOW_SUZAKUNOYUMI,"鳥系の魔物を<lf>とりこにする<lf>色あざやかな弓"
EXPLANATION_ID_ITEM_EQUIP_BOW_MUGENNOYUMI,"彼方まで矢が飛び<lf>敵を射抜く<lf>魔法の力が宿る弓"
EXPLANATION_ID_ITEM_EQUIP_BOW_ARUTEMISUNOYUMI,"月の女神の<lf>加護を宿すという<lf>敵を混乱させる弓"
EXPLANATION_ID_ITEM_EQUIP_BOW_KEIRONNOYUMI,"戦闘中に使うと<lf>ＨＰが回復する<lf>神秘の弓"
EXPLANATION_ID_ITEM_EQUIP_BOW_JIGOKUNOYUMI,"闇のチカラを宿す<lf>地獄の魔神が<lf>用いたという弓"
EXPLANATION_ID_ITEM_EQUIP_BOW_BAJIRISUKUNOYUMI,"敵をマヒさせる<lf>伝説の魔獣の名を<lf>付けられた弓"
EXPLANATION_ID_ITEM_EQUIP_BOW_TENSHINOYUMI,"悪魔系に強い<lf>星空の天使たちに<lf>祝福された弓"
EXPLANATION_ID_ITEM_EQUIP_BOW_SEIOUNOYUMISE,"聖なる力を秘めた<lf>鳥系の敵を<lf>打ち倒す弓"
EXPLANATION_ID_ITEM_EQUIP_BOW_ODHINBOU,"敵を悪い効果に<lf>かかりやすくする<lf>荒ぶる神の大弓"
EXPLANATION_ID_ITEM_EQUIP_BOW_ORUFEUSUNOYUMI,"相手の戦意を奪い<lf>なだめて眠らせる<lf>竪琴を模した弓"
EXPLANATION_ID_ITEM_EQUIP_BOW_ANFISUBAENA,"敵を猛毒で侵し<lf>自分は回復する<lf>あやかしの魔弓"
EXPLANATION_ID_ITEM_EQUIP_SHIELD_KAWANOTATE,"木の板に<lf>皮をはった<lf>簡素な作りの盾"
EXPLANATION_ID_ITEM_EQUIP_SHIELD_UROKONOTATE,"硬いうろこを<lf>はりあわせた<lf>あつかいやすい盾"
EXPLANATION_ID_ITEM_EQUIP_SHIELD_SEIDOUNOTATE,"青銅で作られた<lf>じょうぶな盾"
EXPLANATION_ID_ITEM_EQUIP_SHIELD_RAITOBAKKURA,"軽くて使いやすい<lf>小型の盾"
EXPLANATION_ID_ITEM_EQUIP_SHIELD_SURAIMUTOREI,"スライムの姿を<lf>かたどった<lf>かわいいトレイ"
EXPLANATION_ID_ITEM_EQUIP_SHIELD_SIRUBATOREI,"盾として使える<lf>銀製のトレイ"
EXPLANATION_ID_ITEM_EQUIP_SHIELD_KOZOUBAKKURA,"シールドこぞうが<lf>よく持っている<lf>いかつい盾"
EXPLANATION_ID_ITEM_EQUIP_SHIELD_HOWAITOBAKKURA,"聖なるチカラで<lf>炎から守る<lf>白くかがやく盾"
EXPLANATION_ID_ITEM_EQUIP_SHIELD_SURAIMUBESUTOREI,"スライムベスを<lf>かたどった<lf>すぐれたトレイ"
EXPLANATION_ID_ITEM_EQUIP_SHIELD_MAHOUNOTATE,"魔よけの模様が<lf>刻まれた<lf>呪文に強い盾"
EXPLANATION_ID_ITEM_EQUIP_SHIELD_FUUMANOTATE,"敵の呪文攻撃を<lf>防いでくれる<lf>強力な盾"
EXPLANATION_ID_ITEM_EQUIP_SHIELD_KAITOBAKKURA,"不思議な模様が<lf>ほどこされた<lf>立派な盾"
EXPLANATION_ID_ITEM_EQUIP_SHIELD_PURACHINATOREI,"盾の代わりになる<lf>プラチナ製の<lf>きれいなトレイ"
EXPLANATION_ID_ITEM_EQUIP_SHIELD_RUFUNOTATE,"息と風の攻撃を<lf>防いでくれる<lf>妖鳥が描かれた盾"
EXPLANATION_ID_ITEM_EQUIP_SHIELD_ONIGUMONOTATE,"オニグモの紋様が<lf>描かれた<lf>不気味な盾"
EXPLANATION_ID_ITEM_EQUIP_SHIELD_RUNBAKKURA,"魔力を高める<lf>宝石をはめこんだ<lf>神秘的な盾"
EXPLANATION_ID_ITEM_EQUIP_SHIELD_MIKAGAMINOTATE,"攻撃呪文と<lf>ＭＰ吸収を防ぐ<lf>美しい盾"
EXPLANATION_ID_ITEM_EQUIP_SHIELD_METASURANOTATE,"呪文をよく防ぐ<lf>謎の金属を使った<lf>とても硬い盾"
EXPLANATION_ID_ITEM_EQUIP_SHIELD_SEIOUNOTATE,"聖なる力を秘めた<lf>呪いと呪文攻撃に<lf>強くなる盾"
EXPLANATION_ID_ITEM_EQUIP_SHIELD_SEIJYONOTATE,"開戦時たまに<lf>聖女の守りが<lf>発動する聖なる盾"
EXPLANATION_ID_ITEM_EQUIP_SHIELD_KASHINOOOTATE,"かしの木材を<lf>重ねて作った<lf>大型の盾"
EXPLANATION_ID_ITEM_EQUIP_SHIELD_TETSUNOOOTATE,"鉄板を加工して<lf>作られた<lf>一般的な大盾"
EXPLANATION_ID_ITEM_EQUIP_SHIELD_HAGANENOOOTATE,"鉄より硬い<lf>はがねで作られた<lf>頑丈な大盾"
EXPLANATION_ID_ITEM_EQUIP_SHIELD_SENSHINOOOTATE,"戦士のために<lf>作られた<lf>呪文に強い大盾"
EXPLANATION_ID_ITEM_EQUIP_SHIELD_PURACHINASHIRUDO,"炎の攻撃に強い<lf>装飾がきれいな<lf>プラチナ製の大盾"
EXPLANATION_ID_ITEM_EQUIP_SHIELD_DORAGONSHIRUDO,"息攻撃をよく防ぐ<lf>竜をかたどった<lf>勇ましい大盾"
EXPLANATION_ID_ITEM_EQUIP_SHIELD_OYABUNNOOOTATE,"戦闘中に使うと<lf>たまに敵を<lf>おびえさせる大盾"
EXPLANATION_ID_ITEM_EQUIP_SHIELD_SEIKISHINOOOTATE,"聖なる魔力で<lf>闇の攻撃を防ぎ<lf>呪文にも強い大盾"
EXPLANATION_ID_ITEM_EQUIP_SHIELD_OGASHIRUDO,"息攻撃をよく防ぐ<lf>重みのある<lf>たよれる大盾"
EXPLANATION_ID_ITEM_EQUIP_SHIELD_JYAGANNOOOTATE,"盾ガード時たまに<lf>相手を眠らせる<lf>異形の大盾"
EXPLANATION_ID_ITEM_EQUIP_SHIELD_SEIOUNOOOTATE,"聖なる力を秘めた<lf>封印と息の攻撃を<lf>よく防ぐ大盾"
EXPLANATION_ID_ITEM_EQUIP_SHIELD_URUBEANOOOTATE,"古の地下帝国で<lf>愛用された<lf>ＨＰが増える大盾"
EXPLANATION_ID_ITEM_EQUIP_SHIELD_ZERESUTAITONOOOTATE,"攻撃呪文を防ぎ<lf>ＭＰを底上げする<lf>青い結晶石の大盾"
EXPLANATION_ID_ITEM_EQUIP_SHIELD_ROTONOTATE,"勇者ロトが<lf>使ったという<lf>伝説の盾"
EXPLANATION_ID_ITEM_EQUIP_FISHROD_JYOUBUNATSURIZAO,"じょうぶな枝で<lf>作られた釣りざお"
EXPLANATION_ID_ITEM_EQUIP_FISHROD_KIREINATSURIZAO,"強い力で引ける<lf>きれいな色のさお"
EXPLANATION_ID_ITEM_EQUIP_FISHROD_HONOONOTSURIZAO,"炎の力を宿した<lf>真紅の釣りざお"
EXPLANATION_ID_ITEM_EQUIP_FISHROD_KOORINOTSURIZAO,"氷の力を宿した<lf>冷たい釣りざお"
EXPLANATION_ID_ITEM_EQUIP_FISHROD_YAMINOTSURIZAO,"闇の力を宿した<lf>邪悪な釣りざお"
EXPLANATION_ID_ITEM_EQUIP_FISHROD_KISEKINOTSURIZAO,"回復の神秘を宿す<lf>聖なる釣りざお"
EXPLANATION_ID_ITEM_EQUIP_LURE_GINNORUA,"ぎんのこうせきで<lf>作られたルアー"
EXPLANATION_ID_ITEM_EQUIP_LURE_PURACHINARUA,"プラチナ製の<lf>高級なルアー"
EXPLANATION_ID_ITEM_EQUIP_LURE_MADYURAITORUA,"マデュライト製の<lf>とても硬いルアー"
EXPLANATION_ID_ITEM_EQUIP_LURE_TENSHINORUA,"天使の力を秘めた<lf>羽根型のルアー"
EXPLANATION_ID_ITEM_EQUIP_LURE_TOGETOGERUA,"トゲトゲな素材で<lf>作られたルアー"
EXPLANATION_ID_ITEM_EQUIP_LURE_YAIBANORUA,"鋭くとがった<lf>やいば型のルアー"
NAME_ID_ITEM_EQUIP_GUEST_EIDOSUNOTSUE,"エイドスの杖"
RUBY_ID_ITEM_EQUIP_GUEST_EIDOSUNOTSUE,"えいどすのつえ"
EXPLANATION_ID_ITEM_EQUIP_GUEST_EIDOSUNOTSUE,"エイドス専用杖"
